cpr,ot,er,stake,wr,sr,exec,,
15161.05015,6.862676597,0.644962203,746274.6008,0.644962203,0.045066511,83.95049267,,
19560.4127,4.228779786,0.927181925,98435.87803,0.927181925,0.903806721,15.51421237,,
11140.62406,14.00938448,0.007226983,103178.9481,0.007226983,0.271172564,96.00271014,,
8819.502632,9.080311311,0.945822893,832615.847,0.945822893,0.43486918,12.67801335,,
6852.514265,2.22840505,0.858655812,649815.055,0.858655812,0.11804404,63.10631387,,
6226.112163,7.40948789,0.441068716,299768.1877,0.441068716,0.158042627,24.65937007,,`
17967.92685,9.972728918,0.511621834,721811.9352,0.511621834,0.079845803,10.08270788,,
4650.302666,19.76301627,0.757010599,79027.44527,0.757010599,0.75470891,12.47102286,,
11342.38166,14.89801848,0.410463572,7010.737342,0.410463572,0.945960241,88.46411127,,
17124.61629,20.78844778,0.146181671,463139.0606,0.146181671,0.298937792,34.06867289,,
15652.32293,2.040632628,0.65712352,683179.4656,0.65712352,0.623301787,38.77349765,,
405.5695512,17.64520672,0.600285165,625981.5861,0.600285165,0.334659799,1.200656537,,
18505.17083,3.269067563,0.207777275,467149.6353,0.207777275,0.063409518,64.76034852,,
7678.957291,2.264268821,0.179323387,107308.6658,0.179323387,0.466019147,35.49146071,,
19242.52709,17.12057848,0.423394704,141533.8795,0.423394704,0.988795097,6.57896378,,
19313.07277,1.337479475,0.004681428,443054.9161,0.004681428,0.145176053,96.42070664,,
16139.02838,17.33153904,0.463226316,210466.9972,0.463226316,0.180985122,88.89765062,,
490.785392,12.85050896,0.909676101,830530.6961,0.909676101,0.877986548,91.88253324,,
10915.04652,17.64419153,0.177922735,543356.0319,0.177922735,0.200392429,1.559328442,,
9941.154471,4.313696124,0.148270223,120037.5261,0.148270223,0.267187509,2.401788613,,
6646.883326,11.48555786,0.891855811,387434.443,0.891855811,0.037060435,67.87648088,,
12402.3863,15.51988697,0.067895562,444543.5872,0.067895562,0.525674002,8.137452053,,
311.2171866,21.90638049,0.406818027,570900.548,0.406818027,0.101797905,26.14745894,,
2995.408352,20.17966439,0.835439423,399666.2797,0.835439423,0.508984736,40.09171622,,
2897.930432,3.821066146,0.270044347,599698.5387,0.270044347,0.612198693,33.68798975,,
17072.54479,22.05572579,0.888492896,237074.5496,0.888492896,0.736619391,98.5959103,,
14906.04963,18.08213944,0.923348269,605050.3654,0.923348269,0.972273578,93.92719534,,
8901.367104,8.80348365,0.412747357,720934.6144,0.412747357,0.682693493,13.50881772,,
10167.03156,6.951067225,0.182381177,934426.8449,0.182381177,0.558353989,66.56187556,,
8353.450298,13.61126041,0.455811671,332451.5402,0.455811671,0.871162224,56.03134243,,
5691.43615,7.358324391,0.295581744,222864.4968,0.295581744,0.956672881,49.75818878,,
13133.694,16.80653222,0.908454038,77509.41031,0.908454038,0.3050002,54.8213973,,
9949.049708,9.176344986,0.081740079,952907.2573,0.081740079,0.090009621,72.68580719,,
16275.85565,19.68306947,0.834984395,510651.1886,0.834984395,0.819168553,45.22173987,,
5331.971261,11.29457385,0.707357318,259751.107,0.707357318,0.972113569,64.06954416,,
9656.3979,20.18284487,0.893514069,106873.4898,0.893514069,0.183314625,96.25076304,,
12953.526,21.03010908,0.661285316,617835.9565,0.661285316,0.029070851,53.2621756,,
14866.61264,18.17685737,0.519527098,270280.6796,0.519527098,0.891416132,27.77936044,,
12205.82204,14.06895928,0.580439214,301308.2894,0.580439214,0.58482814,6.484767799,,
3311.966868,1.316785545,0.252110758,912724.7706,0.252110758,0.277704531,83.73476921,,
8995.001425,22.02978734,0.139618384,172411.8372,0.139618384,0.264255968,36.57017329,,
9336.613529,21.65092421,0.693636073,888757.8258,0.693636073,0.2456918,1.357288809,,
5624.094849,7.677734472,0.996899051,146928.9044,0.996899051,0.235682302,90.56589732,,
11396.05371,14.72443782,0.382752961,197972.5337,0.382752961,0.83575174,62.75804243,,
11213.32275,16.41677033,0.36368648,456255.4356,0.36368648,0.727467191,49.74141099,,
455.3265954,17.98440076,0.435654965,89537.49656,0.435654965,0.592033968,71.08038261,,
19491.94719,21.13059685,0.093110186,829225.7403,0.093110186,0.550777225,18.16902083,,
4732.981857,3.303727169,0.497147792,301974.0916,0.497147792,0.017696386,62.22725126,,
11064.05019,0.942917559,0.243564942,996630.102,0.243564942,0.116322917,15.13956502,,
12982.07565,16.36104487,0.256972747,297325.5857,0.256972747,0.886852372,52.45389315,,
3494.556765,16.40279707,0.99765021,415625.9322,0.99765021,0.3747794,32.09419929,,
703.384174,8.150236043,0.781334235,550127.6533,0.781334235,0.605351387,74.28956877,,
8980.27644,22.20565329,0.507030117,951090.8879,0.507030117,0.979391222,45.41311792,,
4171.895779,3.243824675,0.120405898,907557.3799,0.120405898,0.592952702,5.691530722,,
10430.15021,21.69586931,0.621960211,220869.5244,0.621960211,0.049378848,70.27879278,,
3942.739422,12.07759983,0.77358844,386703.1099,0.77358844,0.370091478,80.23514648,,
15318.24193,1.188407609,0.455807781,770576.4921,0.455807781,0.245970219,24.10036826,,
15810.99038,11.53599575,0.490940696,43416.0368,0.490940696,0.525230421,71.16774979,,
9165.583211,13.54674448,0.922500343,318930.9584,0.922500343,0.176000815,5.921404634,,
14143.96831,15.0416317,0.262314244,453535.0932,0.262314244,0.544220497,78.03887076,,
1623.39546,11.61150466,0.476162501,551061.7039,0.476162501,0.168290809,27.84935639,,
6273.368624,5.370835726,0.524222209,737960.4086,0.524222209,0.956880361,2.501465202,,
6573.682878,2.90200384,0.715531633,247151.7703,0.715531633,0.692834653,96.63954121,,
9526.679635,14.50055115,0.838854912,988190.942,0.838854912,0.319949892,40.37209722,,
18549.656,16.17402977,0.366436952,45536.82481,0.366436952,0.108441273,83.15784915,,
5921.265624,23.66113459,0.02614574,313963.3722,0.02614574,0.638847199,5.528908241,,
1953.29279,11.40649381,0.366450056,424426.4098,0.366450056,0.441323929,41.02787373,,
17765.23362,1.155764823,0.416589702,941674.928,0.416589702,0.31292374,88.16112261,,
10031.97103,14.60364611,0.229517172,756251.6844,0.229517172,0.278423428,6.068193252,,
17588.66725,13.17366966,0.524116255,36895.84684,0.524116255,0.484360654,38.37081244,,
4628.094373,11.93253078,0.291820714,543423.3638,0.291820714,0.186927177,32.93366217,,
15773.18503,18.16048135,0.113980099,65836.8889,0.113980099,0.348126487,41.80329624,,
1518.716056,0.682886302,0.40740568,663604.5332,0.40740568,0.861105067,4.695557523,,
15301.97426,17.4952966,0.992302934,591449.2541,0.992302934,0.583030986,11.28387986,,
7170.201192,20.96263252,0.046949623,34899.3841,0.046949623,0.048947967,62.41990846,,
5960.136661,20.9140894,0.252757427,551013.5488,0.252757427,0.46195665,68.00301579,,
3684.017849,16.92456112,0.405284157,747709.83,0.405284157,0.425446067,93.35659461,,
10792.96956,17.91657477,0.288553974,788997.4011,0.288553974,0.842022298,37.30145395,,
8341.839953,17.68820413,0.725469814,805128.7384,0.725469814,0.733935639,8.715744047,,
10975.28258,22.11548973,0.998326617,8506.896624,0.998326617,0.868513513,25.80936879,,
15569.13097,17.07806563,0.04744482,517080.7108,0.04744482,0.632114668,91.16639749,,
8818.938185,4.278792459,0.484505402,836247.4954,0.484505402,0.04244846,7.196838988,,
2679.566601,17.89878994,0.416077293,754836.8985,0.416077293,0.788983686,76.896245,,
14007.66621,15.41195973,0.72279049,399636.9703,0.72279049,0.793919833,55.02870707,,
367.2497753,6.735936786,0.83602983,642262.2931,0.83602983,0.709994158,72.60755704,,
12515.00365,15.66611761,0.672681409,397962.9815,0.672681409,0.72520069,22.21706038,,
8360.832439,13.39753828,0.617196384,102720.0604,0.617196384,0.399892126,0.358634343,,
6090.885346,3.105263749,0.210141495,266042.3715,0.210141495,0.8937975,59.44316162,,
8946.303313,7.905250096,0.909188312,1599.734711,0.909188312,0.967119245,17.26121802,,
3143.217102,5.083200086,0.38858619,407431.5429,0.38858619,0.061589267,77.20463004,,
963.451295,16.4342581,0.304041422,591595.8576,0.304041422,0.372523892,75.24166105,,
6665.265647,10.02108658,0.173848917,923242.9757,0.173848917,0.323402076,14.66283553,,
6795.425813,16.54957498,0.48158125,578971.9657,0.48158125,0.140848449,36.20096732,,
6217.377176,21.06543146,0.052603208,712129.9087,0.052603208,0.242890396,67.5554379,,
16914.82105,13.34040368,0.610939527,182936.8791,0.610939527,0.241289531,87.34824652,,
9947.216602,3.138862709,0.418863501,77391.75903,0.418863501,0.848176589,41.88705115,,
4248.038512,1.462665867,0.164062506,802085.3723,0.164062506,0.505302856,42.43553448,,
19026.81162,14.89216306,0.702519062,618760.3171,0.702519062,0.884011649,94.34148452,,
3132.538654,1.770877589,0.705307301,519738.2534,0.705307301,0.698135769,96.02788481,,
7544.410336,3.429726169,0.194943268,785228.5713,0.194943268,0.231624008,58.74360366,,
15413.70463,3.534758967,0.562809759,119033.6713,0.562809759,0.073523008,67.3035611,,
8278.495922,18.78224262,0.64219334,426562.8422,0.64219334,0.146209159,33.33064799,,
7833.379001,22.0822827,0.80804851,885592.6845,0.80804851,0.229642555,18.33504481,,
11071.10059,16.89591753,0.654555956,364287.1912,0.654555956,0.308486791,54.78855027,,
13358.81134,14.7003955,0.784888135,97389.19947,0.784888135,0.802648523,96.40301087,,
10646.43505,2.575229356,0.575402828,235742.3851,0.575402828,0.400980779,59.06611135,,
9126.265296,22.46022597,0.561337666,812737.0414,0.561337666,0.10725117,15.70814284,,
2397.027714,3.248811599,0.183886378,632241.8632,0.183886378,0.952304339,21.57733482,,
11678.96481,2.979675789,0.304765382,810961.824,0.304765382,0.900437815,70.21395169,,
7007.294891,17.50409788,0.126819194,399152.3778,0.126819194,0.152908886,15.37352637,,
9236.190477,17.61309116,0.167314081,860734.1703,0.167314081,0.525529391,7.490861294,,
10328.29798,16.21922651,0.203494277,709415.5624,0.203494277,0.878140178,70.71840367,,
12888.54252,13.85925055,0.876743636,607335.2934,0.876743636,0.060138516,75.89054084,,
5214.755342,8.745684189,0.611030483,164526.2105,0.611030483,0.496297235,13.0809786,,
15385.85828,19.5182418,0.403771429,183168.2236,0.403771429,0.789313677,1.811804131,,
17228.38442,2.76601317,0.132922054,29418.03145,0.132922054,0.549200263,70.88768378,,
383.3354513,1.619460216,0.954509431,4087.337414,0.954509431,0.975128899,6.42532305,,
12883.46372,2.984673215,0.592428846,630677.7435,0.592428846,0.849548713,22.22911717,,
8271.136506,13.1722804,0.058553718,575051.4708,0.058553718,0.138174309,18.71554967,,
13330.33657,3.131286056,0.726428684,580974.9763,0.726428684,0.961908288,29.91357125,,
4819.170307,4.020018199,0.841955426,51236.86127,0.841955426,0.632320485,19.74323876,,
15426.74275,4.383188358,0.847935709,167033.3518,0.847935709,0.720851315,98.03087702,,
9146.67495,19.50451384,0.703128345,252148.2542,0.703128345,0.199794466,61.26233208,,
7992.983889,13.90204783,0.284511056,860847.6228,0.284511056,0.155853623,84.68860343,,
7399.496886,14.04180979,0.158385917,64603.19169,0.158385917,0.044297006,95.22358673,,
5550.368321,21.54484676,0.761829118,128127.1919,0.761829118,0.883935341,55.66154944,,
2975.552032,19.03610546,0.961068324,542560.3118,0.961068324,0.291920103,6.454065217,,
2254.788363,22.16692814,0.463997827,92177.01242,0.463997827,0.907970435,15.65447771,,
9032.656615,9.410681865,0.029785871,48118.71559,0.029785871,0.633119107,26.62095284,,
3612.702168,19.67816496,0.362625966,120028.4587,0.362625966,0.081882034,21.75763755,,
15272.2578,15.03031152,0.936569176,718607.7985,0.936569176,0.191209516,22.48770837,,
19125.05096,3.231043317,0.950820692,968357.2483,0.950820692,0.262172195,83.69863697,,
7144.438642,19.91286045,0.254715139,73550.21434,0.254715139,0.814715514,77.92437551,,
16477.0142,1.090022523,0.440868631,352281.6321,0.440868631,0.608132427,92.64029247,,
18942.08712,18.61792389,0.076806725,81815.72676,0.076806725,0.045186942,43.09479208,,
12550.53295,15.88811842,0.832690005,670583.4161,0.832690005,0.49385703,53.09989774,,
3776.175485,4.490314146,0.373414476,450792.3714,0.373414476,0.969884078,81.42281866,,
15000.61472,23.96190905,0.9284204,870218.5462,0.9284204,0.557455049,86.58643042,,
15465.71844,11.09734161,0.132782941,656061.2911,0.132782941,0.30428035,20.21597817,,
19748.76865,6.553766486,0.406821601,774147.9557,0.406821601,0.738664635,19.95697006,,
11178.08901,2.616230352,0.622802705,990234.6973,0.622802705,0.784793215,82.12382108,,
1237.850996,3.38470013,0.636646885,970318.8501,0.636646885,0.733282004,24.3888316,,
15136.884,7.666338992,0.691789726,83359.55707,0.691789726,0.974939311,19.10316427,,
19962.83375,18.82281449,0.049138883,938478.9452,0.049138883,0.458487256,55.49952691,,
13350.79902,4.356808471,0.178166523,133744.4544,0.178166523,0.958374562,97.63640139,,
6236.04213,23.5926482,0.447999608,599868.8798,0.447999608,0.598142499,30.97555533,,
14742.81309,0.752760792,0.147129246,966059.2816,0.147129246,0.506597184,46.60160386,,
12029.61286,14.70366316,0.01546595,981739.6994,0.01546595,0.757237306,12.61221028,,
14476.89981,13.87355327,0.273209793,486487.978,0.273209793,0.736444614,88.5972834,,
3392.511513,19.4653285,0.302574837,377906.5278,0.302574837,0.156234975,78.27845314,,
17540.68059,3.724303059,0.285355092,64729.56376,0.285355092,0.811157955,97.16922376,,
18523.91164,11.66614349,0.176234094,359934.6565,0.176234094,0.401309657,35.39405451,,
14342.87087,23.13557679,0.912881235,607075.3561,0.912881235,0.269189632,97.80870038,,
11992.43982,0.928209922,0.006444401,793422.8803,0.006444401,0.947474699,54.26102379,,
3793.337352,15.96617903,0.385008684,416473.3702,0.385008684,0.561655767,29.97302899,,
7091.578224,2.263421909,0.442008563,261977.417,0.442008563,0.677793508,68.95152399,,
12928.21648,22.04434071,0.02057435,317417.7116,0.02057435,0.605003103,38.4274401,,
8736.685712,18.53961552,0.073211585,320795.685,0.073211585,0.921207887,72.29488391,,
167.7193822,6.037855508,0.309387059,335314.5046,0.309387059,0.433718336,59.28283265,,
13046.12347,11.31514354,0.263226707,716432.3268,0.263226707,0.526133493,47.28107581,,
16251.16202,1.2438122,0.847638237,231318.5903,0.847638237,0.053550076,83.08589174,,
8138.992492,2.059902629,0.464750917,527273.1653,0.464750917,0.465062971,33.56316925,,
10644.9535,10.21589327,0.59053804,55448.89522,0.59053804,0.421088472,8.478337128,,
17081.61451,18.48687188,0.974889109,594937.5016,0.974889109,0.907604967,70.12279958,,
12126.87966,6.296545687,0.765199644,134874.425,0.765199644,0.972074116,94.15939635,,
409.9910046,2.337764473,0.591826944,283879.4832,0.591826944,0.813648211,25.46338415,,
4187.896218,20.78260386,0.804848487,696924.7648,0.804848487,0.889392964,1.31652395,,
17753.7662,11.48009658,0.695113199,181574.8592,0.695113199,0.112378562,12.21127705,,
8160.366846,20.97058844,0.4917282,587746.7509,0.4917282,0.739189973,81.90430948,,
17384.44957,11.37925106,0.124101985,841151.4806,0.124101985,0.480435405,28.21653664,,
3774.686504,19.8429929,0.629947475,989059.4367,0.629947475,0.714183955,88.52131275,,
18794.04249,11.50733227,0.015539355,237410.4383,0.015539355,0.408730331,84.74798261,,
7639.770418,10.06038368,0.909014423,203258.5536,0.909014423,0.920965368,46.08890512,,
4848.217946,4.590055255,0.319092768,561825.1858,0.319092768,0.53905184,26.2446158,,
4451.413534,6.981742321,0.389188533,341837.0693,0.389188533,0.676590525,65.15533818,,
7889.051367,10.73265778,0.329124989,15999.41958,0.329124989,0.914191565,1.861726393,,
12184.7252,15.55293251,0.189357611,802146.6703,0.189357611,0.914777483,53.44063804,,
2216.916144,9.267794216,0.987476378,903576.0406,0.987476378,0.621950849,73.93013826,,
3736.375383,9.165569204,0.70970691,121171.5526,0.70970691,0.241525612,83.16009097,,
10250.24426,14.14821785,0.947471906,296355.6425,0.947471906,0.953934216,89.21364017,,
7166.927901,11.92349722,0.406075297,132139.9845,0.406075297,0.770784855,45.07741379,,
13901.2386,11.79055494,0.270867099,544350.7924,0.270867099,0.574703326,88.35673168,,
4222.645707,23.09671285,0.129759521,178199.7107,0.129759521,0.662901018,46.50394905,,
1352.318679,6.158956466,0.673511215,591834.4343,0.673511215,0.405154623,42.48435744,,
5281.179132,21.03027197,0.335407006,300866.9958,0.335407006,0.470007747,37.00748591,,
11493.26378,19.66395424,0.904826849,928557.2208,0.904826849,0.045882965,41.42343594,,
7688.866619,20.56556234,0.943029263,823208.0686,0.943029263,0.064820266,0.190819362,,
6521.669311,23.38204873,0.909723724,545211.218,0.909723724,0.444162844,48.9227548,,
16824.0343,13.29845746,0.247601916,211985.0632,0.247601916,0.354177934,31.17807088,,
1256.419892,17.02762884,0.176876382,48288.0489,0.176876382,0.042990656,61.46898603,,
15848.29986,9.899419663,0.364486122,393670.5156,0.364486122,0.525237088,73.64142081,,
17375.63488,9.160842641,0.350095854,345889.3422,0.350095854,0.727647227,62.76862167,,
9540.656432,7.723629299,0.221527641,99748.29363,0.221527641,0.894119238,83.22271848,,
2876.897008,17.74426583,0.721373737,997444.0851,0.721373737,0.258177188,11.94896092,,
8811.62606,23.80096596,0.385907734,317810.5822,0.385907734,0.100315182,93.63555271,,
9370.966445,8.768191502,0.762516208,466937.8952,0.762516208,0.910429278,62.90947635,,
11926.99936,6.986834256,0.716182647,778270.8754,0.716182647,0.342107812,35.8018043,,
18396.38726,10.44740988,0.70082888,222688.8918,0.70082888,0.247228379,39.81456092,,
7629.091623,10.41527051,0.553891971,239252.8274,0.553891971,0.707254329,68.60989118,,
6367.380412,16.15372958,0.002946738,123102.2548,0.002946738,0.096314235,26.87175178,,
17399.48652,0.711507487,0.940563029,781631.923,0.940563029,0.737715281,85.25319423,,
5542.837223,2.513025613,0.716099327,579273.7513,0.716099327,0.602135119,16.40646164,,
19141.79429,11.86779214,0.217837691,451224.1031,0.217837691,0.375851358,4.598478631,,
13576.89838,2.346335216,0.135258621,336652.43,0.135258621,0.001266324,9.690691305,,
8978.507162,17.13546785,0.134575531,957904.348,0.134575531,0.239232475,5.728359955,,
802.982475,1.318894996,0.585084708,552589.3464,0.585084708,0.356859174,83.4215663,,
17349.66395,3.580726029,0.648942564,110729.2818,0.648942564,0.254994635,95.68342014,,
3871.270166,23.29766701,0.986113301,215237.1541,0.986113301,0.733447205,81.26819013,,
5144.598018,10.55394131,0.844954181,123981.0764,0.844954181,0.592014133,2.504791696,,
9894.475731,11.62781152,0.416644636,240615.4437,0.416644636,0.567969685,25.44536132,,
11008.77899,10.57815719,0.62689781,964370.7359,0.62689781,0.647834157,75.01649435,,
12593.73024,2.190096668,0.716619326,933782.2915,0.716619326,0.545523889,70.90906521,,
5537.681943,0.841712251,0.32197216,409747.8784,0.32197216,0.301026527,86.67627997,,
9577.389626,22.34114458,0.685770551,406497.9206,0.685770551,0.629282567,85.75081451,,
7611.291334,0.615537295,0.222813431,949031.4319,0.222813431,0.049145306,88.44303475,,
9083.794066,20.2969681,0.685246293,643831.1895,0.685246293,0.338791178,7.201598151,,
15385.99085,8.932894304,0.526871032,146186.574,0.526871032,0.192013063,49.10219088,,
13183.0114,8.438484663,0.55497058,148239.9359,0.55497058,0.018471517,39.66347546,,
10339.34062,14.72684133,0.033825575,239092.734,0.033825575,0.821870457,57.77435689,,
1003.360416,12.96117146,0.104448465,927113.2581,0.104448465,0.316571933,20.01872179,,
16525.63055,21.32132547,0.828575406,864860.1126,0.828575406,0.428435071,94.53653821,,
18961.1559,10.77464214,0.917384986,227053.9847,0.917384986,0.570196598,67.70450274,,
17492.47272,4.726294706,0.793196371,874496.8922,0.793196371,0.276176846,2.484401949,,
9983.229597,8.581308064,0.493841603,891195.7971,0.493841603,0.208113926,87.30221957,,
15955.31556,16.22845029,0.396936761,656195.8321,0.396936761,0.28233384,26.98934738,,
12063.15625,18.69522776,0.279430152,35103.13825,0.279430152,0.402370761,23.37016336,,
17166.52068,9.230786264,0.548485455,354650.0337,0.548485455,0.65947554,23.69208941,,
6184.560918,12.88110765,0.781009642,706944.0947,0.781009642,0.786793899,11.73678015,,
4925.997483,2.060783189,0.383216117,793163.452,0.383216117,0.940639122,34.28200582,,
4084.413885,8.625822318,0.246695677,875880.0167,0.246695677,0.676168134,50.77538308,,
120.3921439,10.85713509,0.481458195,58066.23658,0.481458195,0.705609111,7.90775464,,
1222.172082,6.18761347,0.485809382,255954.0995,0.485809382,0.838662601,76.71031624,,
7576.594212,8.22923518,0.0274601,71951.26599,0.0274601,0.810091872,17.65806796,,
17646.90669,20.00407287,0.413580378,780031.173,0.413580378,0.39601013,40.11960091,,
18495.98845,11.24204813,0.57582635,722788.4845,0.57582635,0.394257564,59.20304245,,
11848.70248,5.929073166,0.448889032,605987.3073,0.448889032,0.083683406,59.11828053,,
18739.36434,8.751887244,0.475808506,476560.2134,0.475808506,0.806380905,72.14398512,,
12016.76534,18.09850775,0.465292991,180993.2167,0.465292991,0.9350759,86.447732,,
1893.651215,15.15040704,0.348521138,345479.1415,0.348521138,0.539707622,64.01446512,,
17946.39609,20.0366232,0.390589633,483349.0483,0.390589633,0.723998662,7.778831382,,
9760.162565,23.25571296,0.29995344,155780.9754,0.29995344,0.490173806,55.59838593,,
7886.495552,21.9851029,0.725240294,379952.9848,0.725240294,0.670969608,35.64460591,,
12783.04646,5.982119463,0.504125788,668352.2108,0.504125788,0.177144782,36.7630928,,
16935.91865,23.24513646,0.425941677,467826.2306,0.425941677,0.104604246,74.18214163,,
15967.18792,15.33221849,0.900725172,408387.7204,0.900725172,0.2819507,54.14943595,,
9455.572998,13.29532024,0.022717114,29168.42753,0.022717114,0.496143717,5.730172375,,
4437.14072,5.433649441,0.903770601,819082.4823,0.903770601,0.797850953,80.37029248,,
6992.225806,14.29948607,0.275956133,705064.7967,0.275956133,0.714478179,11.19096675,,
9700.744854,6.907312288,0.740035419,354243.0234,0.740035419,0.96485034,76.73851316,,
767.9459574,3.968229162,0.235796914,124845.1929,0.235796914,0.107390186,93.26497198,,
19700.43681,11.76144221,0.510170344,860461.3311,0.510170344,0.419358229,50.6423618,,
12605.57792,7.603942375,0.102421494,260470.5356,0.102421494,0.687055241,77.68678189,,
459.309934,12.52617598,0.313086291,880592.8438,0.313086291,0.757860713,72.79104078,,
16261.31917,2.881864759,0.559459298,591096.7811,0.559459298,0.687818395,71.50845912,,
11679.66232,17.59044418,0.419807615,679470.5229,0.419807615,0.062946833,96.45328921,,
5778.932625,4.439479841,0.335316637,410430.1372,0.335316637,0.34614019,32.05365058,,
17046.05851,23.76286081,0.136694374,312248.8363,0.136694374,0.204060604,74.96953271,,
18544.9506,8.517405448,0.615566015,123093.8085,0.615566015,0.213170117,80.69171663,,
10076.47215,2.253720983,0.006401192,837206.7371,0.006401192,0.887400979,33.00579117,,
10879.28976,2.476977053,0.692111746,443386.0059,0.692111746,0.237086976,31.30516739,,
19359.08655,20.80449547,0.260220256,592221.0692,0.260220256,0.298318731,72.27326757,,
1387.159274,9.457725408,0.80829514,197709.5395,0.80829514,0.221186123,82.63865914,,
979.9576994,17.14724544,0.758197145,557124.9383,0.758197145,0.199566375,60.43471677,,
3396.774118,8.169234322,0.231216464,611927.251,0.231216464,0.329982781,29.51354779,,
6484.127169,13.08434887,0.695552089,394262.2054,0.695552089,0.730053591,51.53522058,,
5785.377729,23.86127433,0.009072801,934245.8369,0.009072801,0.994070123,36.05020674,,
13899.25833,11.27534347,0.689630526,803047.206,0.689630526,0.447452161,3.299236144,,
17252.10125,13.80047522,0.391012425,844059.8421,0.391012425,0.178791284,79.89962726,,
5266.515034,22.63617875,0.792905993,547055.455,0.792905993,0.548098769,21.37991659,,
17236.9887,16.91191321,0.853712981,667308.4665,0.853712981,0.149234257,42.48758761,,
5701.373137,23.28583243,0.000408108,190830.8868,0.000408108,0.143723,80.29505735,,
5796.580485,12.01848657,0.394455793,887851.5537,0.394455793,0.215023543,17.58562853,,
13654.97683,16.00742294,0.558698361,563790.3313,0.558698361,0.038996311,61.8783824,,
16823.9274,12.65564431,0.590060041,122005.304,0.590060041,0.137251839,99.31026494,,
1442.87446,13.01244893,0.289511712,750970.7983,0.289511712,0.797208135,32.548692,,
4890.033445,15.0133102,0.324643109,872876.4151,0.324643109,0.364952143,86.27476209,,
3200.012878,18.5735119,0.867507853,643284.7388,0.867507853,0.752549315,63.25404859,,
4130.67798,22.15471748,0.448510714,979990.0937,0.448510714,0.714349964,36.63444463,,
12388.83499,10.59305493,0.763315144,828130.2233,0.763315144,0.33376203,2.058461167,,
5184.030824,22.57547386,0.663494984,951743.2684,0.663494984,0.49492851,91.88773953,,
3812.417329,13.15345743,0.708832851,226170.9778,0.708832851,0.378696501,43.20890886,,
329.9890117,3.203356198,0.797677623,548233.6284,0.797677623,0.023243971,38.13540693,,
6819.726995,20.00274125,0.307543452,222939.8101,0.307543452,0.175987938,42.78819329,,
546.5170004,6.993261813,0.160745633,676664.4716,0.160745633,0.150108404,58.13403237,,
7551.929687,20.76562715,0.049605949,283070.4021,0.049605949,0.290245603,35.90535597,,
13345.18917,22.09314072,0.279087129,406183.2061,0.279087129,0.632948159,59.64245434,,
13495.25465,8.384587998,0.270413575,97531.1137,0.270413575,0.46320133,25.27244724,,
3255.894716,6.838859935,0.277082766,646167.0878,0.277082766,0.208613892,96.16902077,,
4105.408481,1.285768541,0.435382677,429576.0142,0.435382677,0.890466358,85.66209421,,
11065.0324,17.75110408,0.231892702,373219.8624,0.231892702,0.978193246,11.97585766,,
11669.98789,12.29151383,0.752403625,195148.5822,0.752403625,0.827348687,82.34353416,,
15027.37446,4.09093269,0.980358531,791944.4724,0.980358531,0.944703349,97.69814443,,
601.3451007,19.20216783,0.310232567,987249.9274,0.310232567,0.696218329,63.66719885,,
2215.159002,8.731962384,0.330803854,768044.9082,0.330803854,0.618125363,8.881389802,,
17951.05005,3.472820669,0.157019522,622330.1282,0.157019522,0.845857973,35.44815219,,
11821.3615,7.06421206,0.177792219,200066.5874,0.177792219,0.401535381,18.45320032,,
16906.65531,12.80288795,0.366201006,556833.7716,0.366201006,0.570795654,11.64767961,,
3513.534328,17.23133086,0.232788789,453929.3939,0.232788789,0.638110607,94.07322732,,
3229.671789,23.84492523,0.930120561,991894.6384,0.930120561,0.72507409,77.44468575,,
14799.1984,6.366671915,0.799347859,245362.3165,0.799347859,0.005079278,57.03725003,,
14063.13531,6.397514329,0.652385939,704594.8085,0.652385939,0.189060699,87.52044404,,
19259.1874,1.96334403,0.407939737,909766.8668,0.407939737,0.334455044,86.07389743,,
18710.24368,4.8693199,0.699397884,148178.1894,0.699397884,0.34606576,73.20222634,,
17965.0418,9.138410104,0.323945889,639863.5668,0.323945889,0.641060801,94.57238628,,
17305.16637,13.87033752,0.988175073,123856.7157,0.988175073,0.85122734,40.18411736,,
4319.224564,16.0549364,0.808300189,767948.8697,0.808300189,0.096827719,25.47839582,,
17691.98196,15.05569404,0.598961314,722756.1531,0.598961314,0.681945658,14.36551656,,
3949.440656,1.44027468,0.026759481,648314.3892,0.026759481,0.362816363,65.34478574,,
12977.6375,16.44089057,0.766697408,409335.1778,0.766697408,0.777516422,61.49570896,,
8556.064785,20.74506197,0.632378955,681804.2023,0.632378955,0.625058337,12.99940937,,
10435.29823,15.45171261,0.503535466,870683.8211,0.503535466,0.572861483,97.61373748,,
14726.5741,9.195833444,0.737272243,643190.6283,0.737272243,0.1925966,30.75945072,,
5450.370623,17.5382557,0.579048888,594231.9907,0.579048888,0.557616113,2.243512385,,
7685.917667,20.16750055,0.865293506,725037.7538,0.865293506,0.559831124,16.69623593,,
15959.23707,14.69649735,0.798113959,787839.0023,0.798113959,0.04249704,26.49600247,,
18527.26182,13.98892222,0.43479934,112434.2247,0.43479934,0.354869475,84.88292233,,
13445.66751,17.07135684,0.324578501,379862.188,0.324578501,0.903343319,33.12635507,,
641.3419306,8.48175338,0.578354131,217262.0019,0.578354131,0.06663714,96.41302227,,
8894.698839,23.59700801,0.613602933,399363.7344,0.613602933,0.334015866,61.89182911,,
10769.47107,23.61677554,0.437377241,312548.8808,0.437377241,0.999613963,90.48879911,,
9693.275828,20.13210913,0.368556713,530881.7595,0.368556713,0.757998211,62.94590334,,
12078.30309,2.484795664,0.212814889,709332.6992,0.212814889,0.116646101,38.77921201,,
11971.1209,8.834923121,0.586522561,893486.8479,0.586522561,0.12865599,16.19361494,,
14696.45304,22.80109794,0.634356659,703044.3544,0.634356659,0.304919447,13.54850111,,
3450.797858,19.82540339,0.30371528,228529.3195,0.30371528,0.381254838,22.64851127,,
10075.72323,18.77777454,0.056983126,71046.84454,0.056983126,0.328295443,63.53151247,,
16693.98213,8.061525436,0.130967501,407388.6825,0.130967501,0.973175596,85.08582705,,
8247.252621,20.63919865,0.979737457,456137.9324,0.979737457,0.926505527,41.97642866,,
15428.36632,18.04115892,0.153126223,509754.0908,0.153126223,0.792030747,23.26377181,,
19808.00446,19.36110177,0.460488488,340524.8427,0.460488488,0.6541052,52.27570199,,
7854.453124,20.66880165,0.128477634,773942.4747,0.128477634,0.117251469,27.47381455,,
2998.684993,14.59580743,0.963474025,698138.1549,0.963474025,0.96969345,2.608655153,,
13405.45179,11.78090133,0.434637279,663280.5357,0.434637279,0.539539832,15.93962726,,
9382.786076,12.10368201,0.671029779,938043.0164,0.671029779,0.841628,30.43074521,,
7798.455465,20.85924966,0.757005354,365740.7393,0.757005354,0.438745191,62.28824778,,
19637.29715,13.49017295,0.172189498,491329.0279,0.172189498,0.353305302,67.017054,,
4342.936194,4.539790945,0.088845305,915670.7937,0.088845305,0.774898676,56.19430365,,
14937.76749,7.135169823,0.111587012,819840.6246,0.111587012,0.349935925,68.37776451,,
4746.412591,6.731048509,0.658179172,588.2050446,0.658179172,0.924163546,14.35833263,,
16683.56575,16.67840049,0.329165315,513360.3631,0.329165315,0.138231417,37.92214467,,
19287.90899,4.38249237,0.966034202,907974.082,0.966034202,0.609080928,1.354226572,,
198.5789395,4.096825245,0.175302665,71993.69517,0.175302665,0.935364622,40.00404873,,
8963.155052,16.57584205,0.135355068,661707.636,0.135355068,0.095384938,32.77889206,,
7537.13257,11.49886039,0.248518056,192877.5543,0.248518056,0.325385359,75.71541722,,
16780.61562,15.95052112,0.83851467,112198.3312,0.83851467,0.445725267,68.35933304,,
2662.986155,7.44562051,0.183496293,384740.1617,0.183496293,0.916929449,70.28810173,,
19081.79643,14.09821855,0.240047221,216733.1051,0.240047221,0.743827515,70.01349337,,
17711.85153,22.83929809,0.864490147,835920.7474,0.864490147,0.461427946,20.45836243,,
15630.73667,15.47715963,0.562420013,127934.6737,0.562420013,0.48137947,55.29300636,,
8924.107028,15.54859325,0.132511904,56856.59014,0.132511904,0.430924383,22.54173275,,
3726.422474,13.46654846,0.750303513,266030.6627,0.750303513,0.392391375,6.781677413,,
6852.011913,23.15777495,0.045215993,267523.0986,0.045215993,0.343793116,72.69718792,,
15136.88318,18.98581226,0.435644027,896966.1133,0.435644027,0.247884463,25.69021026,,
6147.903233,10.79780159,0.410327378,670129.9305,0.410327378,0.069009917,29.55274094,,
16535.41226,22.55066057,0.31400157,333928.8463,0.31400157,0.192179049,43.82489309,,
5057.635881,2.982908047,0.390915775,977236.1242,0.390915775,0.980586497,36.20229909,,
11685.70434,6.52185773,0.084906572,878485.8932,0.084906572,0.574943044,23.63383664,,
16112.72747,9.568545851,0.112293854,733112.6539,0.112293854,0.596958504,69.88548146,,
19866.504,21.31203671,0.300595281,475371.4653,0.300595281,0.734984594,20.36730651,,
9970.009823,16.00206085,0.77838051,443528.382,0.77838051,0.718877228,78.30206631,,
3507.632616,5.938647927,0.028795519,408581.531,0.028795519,0.10962228,12.99580915,,
17619.26514,3.058237168,0.006649927,30554.21207,0.006649927,0.617585519,91.35050859,,
3272.367904,17.14567659,0.541239396,980871.793,0.541239396,0.298512589,93.07651835,,
5205.009036,0.740867799,0.535390431,298164.584,0.535390431,0.423620847,12.06595351,,
8129.647796,9.536212907,0.916866483,495810.5811,0.916866483,0.613786768,60.89639641,,
10245.42626,2.669172693,0.861968864,415095.3928,0.861968864,0.062036742,26.59641785,,
5785.557136,21.97691042,0.759385024,927830.9347,0.759385024,0.514990468,31.20170944,,
17025.77515,16.21992034,0.691983522,636734.5644,0.691983522,0.39707597,99.43702197,,
12939.90384,7.137761475,0.276135181,339360.059,0.276135181,0.272655381,77.58995188,,
17804.34524,2.392695775,0.626357696,264657.9022,0.626357696,0.803769746,65.32787629,,
4028.327097,14.13534924,0.346913288,151650.5961,0.346913288,0.785086959,18.83256858,,
12148.00586,12.13416361,0.318503116,971530.4251,0.318503116,0.595778479,83.34879855,,
19908.83123,17.58295776,0.498029525,260763.253,0.498029525,0.307618248,82.48799341,,
4062.681515,5.077510503,0.191843386,553578.0017,0.191843386,0.481640473,79.43446198,,
9546.575649,7.76781748,0.058522581,587881.85,0.058522581,0.168541574,58.24685666,,
9546.793208,17.08843099,0.588488359,505271.7322,0.588488359,0.625455301,55.36223344,,
18845.96105,7.736108957,0.679747597,958121.2611,0.679747597,0.078124619,14.29727827,,
10361.93297,20.04912884,0.913813357,740506.4914,0.913813357,0.92971861,4.935047474,,
17997.19575,18.77367214,0.140379935,581401.9653,0.140379935,0.404709984,87.13055527,,
18389.61451,6.116688695,0.605167133,927670.9068,0.605167133,0.757105696,84.03142152,,
19289.23501,11.17898021,0.624390409,539401.0652,0.624390409,0.049494928,90.51537221,,
7654.394462,21.61807788,0.511013786,349193.499,0.511013786,0.297863271,29.32978638,,
8462.607315,11.50890582,0.123353219,593822.5595,0.123353219,0.685118146,38.31009645,,
4504.177127,10.72035496,0.389677066,931843.3405,0.389677066,0.544196595,22.12937376,,
856.1058018,13.78379385,0.106510267,589551.8685,0.106510267,0.921367224,64.56415829,,
841.6652515,14.01126765,0.500571073,950035.9111,0.500571073,0.294050097,34.37771925,,
9573.229431,14.93689756,0.850351318,737504.543,0.850351318,0.818809512,42.07559098,,
13045.93628,22.06697436,0.841407707,956254.8452,0.841407707,0.543933229,74.27279779,,
9259.335843,3.553569246,0.575980065,563397.4685,0.575980065,0.41083586,44.15573677,,
11465.45687,13.96493755,0.872428763,410320.3612,0.872428763,0.598254747,25.14989136,,
18070.95959,15.65121512,0.481489837,406645.3731,0.481489837,0.151087051,32.32685567,,
12387.64364,10.27243707,0.418591491,807201.2799,0.418591491,0.301588682,41.17870705,,
15802.00025,19.99524236,0.592320451,889527.9972,0.592320451,0.061416718,71.62639409,,
17994.17178,18.26759044,0.594922308,768414.9195,0.594922308,0.88325853,15.20954222,,
19819.59765,15.76106827,0.023448923,765888.2614,0.023448923,0.636982188,26.77898568,,
18732.35657,1.672666937,0.656070731,878199.1477,0.656070731,0.755564078,61.78401964,,
1191.939465,13.9160779,0.040243901,486903.3615,0.040243901,0.869879143,14.27110147,,
9684.198136,4.892993443,0.09303955,910398.3356,0.09303955,0.36384618,63.79806934,,
2861.234364,12.52474018,0.753089295,230330.8179,0.753089295,0.962679204,63.24629626,,
18453.36374,5.484008902,0.717189839,225370.7672,0.717189839,0.353316466,76.1605795,,
19528.44046,20.63741511,0.3799022,337800.2013,0.3799022,0.583544473,43.81932735,,
7557.316186,7.049341916,0.002033242,827671.0399,0.002033242,0.501737308,57.33135438,,
18940.75934,8.091763592,0.608412463,273370.3979,0.608412463,0.95405836,43.25919374,,
11405.1211,22.7308442,0.139127054,346069.4853,0.139127054,0.134333229,13.40030687,,
19109.07905,5.290743589,0.232777121,1220.358727,0.232777121,0.343015956,77.69078285,,
7822.060881,21.47785961,0.891744739,256500.3643,0.891744739,0.165021444,77.10518969,,
7836.627266,7.412055702,0.765765463,637268.0524,0.765765463,0.44542094,76.66661224,,
480.2078951,23.00635844,0.463727015,422610.0484,0.463727015,0.344117174,41.33004895,,
8246.071298,21.21678406,0.27284978,728502.538,0.27284978,0.437686804,25.36756476,,
2591.682664,14.11546894,0.663132534,322286.3479,0.663132534,0.467750662,16.62084068,,
2092.281531,15.54989009,0.596459462,126471.4352,0.596459462,0.342957872,53.26131183,,
12413.08337,9.353687857,0.753764603,222160.9797,0.753764603,0.293287797,62.35378296,,
11632.88677,5.492171701,0.409956585,578340.8309,0.409956585,0.370585922,29.10510741,,
18547.02372,1.617662937,0.315271175,619688.3347,0.315271175,0.829627832,86.86356773,,
12592.22036,16.07253415,0.904857467,744592.6691,0.904857467,0.60090936,76.03769647,,
12510.17623,16.29378698,0.89118648,490608.6123,0.89118648,0.452014795,37.27266874,,
3276.69112,6.506119623,0.530373055,955389.7241,0.530373055,0.853278552,50.08770544,,
4473.787527,15.48214348,0.305758827,308724.3819,0.305758827,0.753948642,6.256325914,,
11091.21012,8.337085742,0.329298671,573907.631,0.329298671,0.596291356,48.78725552,,
7882.499303,12.98594048,0.243336127,438644.5914,0.243336127,0.485630115,36.37267944,,
17387.33822,2.694144411,0.409489265,959153.4231,0.409489265,0.623822013,41.52760332,,
17182.35198,15.00275794,0.655171824,760845.3057,0.655171824,0.589102672,24.19675688,,
13067.32945,18.7357823,0.967138401,930177.0249,0.967138401,0.755205659,19.40566609,,
16379.11465,4.490090455,0.148080989,138886.4316,0.148080989,0.869401234,48.50899291,,
18462.43111,5.298196187,0.882461401,769434.0803,0.882461401,0.571363159,81.71098187,,
12690.03784,1.457520063,0.132568949,417900.066,0.132568949,0.685287351,86.68026539,,
817.9654037,17.05779675,0.347065692,894343.8195,0.347065692,0.681481387,38.82670558,,
13026.349,1.510425506,0.265955945,874011.9464,0.265955945,0.647670702,6.095342488,,
12511.06842,9.931127743,0.56981701,611820.724,0.56981701,0.015303041,15.90671275,,
17865.80556,4.157928131,0.054381406,434507.7189,0.054381406,0.318352106,90.27595169,,
1902.865228,17.84496351,0.851331579,357359.7993,0.851331579,0.30079663,19.26635734,,
1105.52932,20.62111528,0.687174503,264561.8023,0.687174503,0.647305815,20.32220508,,
2480.58915,11.23958963,0.599471582,523507.008,0.599471582,0.183953983,88.89434256,,
13083.3575,19.94885852,0.523040742,722867.6415,0.523040742,0.971236643,28.01049297,,
12976.98341,17.89592775,0.511166931,603942.7564,0.511166931,0.478919962,58.9378341,,
13534.62953,21.69978694,0.941762914,143021.67,0.941762914,0.93693385,5.632584665,,
17244.59795,22.99949692,0.305939757,157130.7517,0.305939757,0.519029927,48.3472503,,
16819.48641,14.2420908,0.553601358,307526.2848,0.553601358,0.079909004,34.8517816,,
12699.62052,9.916352781,0.098187912,651503.7404,0.098187912,0.279599951,37.45268939,,
2237.365828,7.590119827,0.099410012,164547.9392,0.099410012,0.548248466,69.48671945,,
13393.33919,8.541665133,0.418465831,829583.3139,0.418465831,0.40920342,33.58912159,,
17291.76296,10.45839015,0.165392522,680814.0864,0.165392522,0.131925598,85.33197155,,
18886.80929,6.053275747,0.869962318,88117.97146,0.869962318,0.344605466,18.6463944,,
8467.19319,19.20898603,0.171294564,306819.1047,0.171294564,0.665960285,16.82027982,,
7155.516426,0.688515847,0.816637064,626206.9538,0.816637064,0.882598713,66.48001032,,
15421.91563,11.64976476,0.820254258,191158.8397,0.820254258,0.744657906,61.5990937,,
3321.133049,4.256510088,0.852792847,885462.2752,0.852792847,0.508510569,38.4553294,,
6404.200392,16.82356588,0.302006303,373986.3546,0.302006303,0.628778731,50.63264361,,
813.5178917,3.980416452,0.965303245,418204.1301,0.965303245,0.391360959,35.21386934,,
4856.349853,3.185883638,0.604106387,160026.3536,0.604106387,0.661206089,3.597509924,,
1013.11149,21.0654934,0.595061852,635111.8496,0.595061852,0.563988545,83.61895692,,
4002.609187,2.409113933,0.412599492,909602.6965,0.412599492,0.296459634,21.92402244,,
15121.08278,20.46494798,0.928162392,879714.0547,0.928162392,0.462734536,44.728231,,
7013.929855,13.03148464,0.956193208,562488.3214,0.956193208,0.517999558,17.61002797,,
8592.887754,13.00514251,0.234800845,758052.4199,0.234800845,0.152278016,78.37723063,,
14857.15793,14.47219659,0.298173931,415550.2915,0.298173931,0.822781994,55.9440211,,
10718.60312,21.79508356,0.835564465,861339.4427,0.835564465,0.262107211,58.26213891,,
1714.249573,10.60724653,0.720584606,998082.1477,0.720584606,0.713753918,96.06909217,,
608.3586053,20.33330628,0.188522701,667781.3225,0.188522701,0.118591139,89.57196134,,
5395.778416,15.28108628,0.512809894,953599.5523,0.512809894,0.859552289,10.06290583,,
7482.723261,12.84635653,0.827721365,689669.7297,0.827721365,0.20002909,81.88342924,,
7852.990246,10.8349142,0.725220915,418780.2272,0.725220915,0.74170033,11.80188241,,
5809.034881,23.57044295,0.145201061,289268.7682,0.145201061,0.087268877,63.04604265,,
8568.244674,2.937497747,0.713750824,586362.3008,0.713750824,0.523637244,92.69615034,,
2861.342991,1.807024379,0.474027029,28891.33787,0.474027029,0.316245763,33.6153358,,
18861.22609,10.33253081,0.269272578,549406.7913,0.269272578,0.766659196,28.83685219,,
7571.998282,19.47238173,0.066002281,907396.3713,0.066002281,0.975933394,23.02636167,,
17598.0349,16.97841665,0.230639524,532008.0776,0.230639524,0.668297855,95.83833847,,
18756.22502,16.77085398,0.497112952,989155.3123,0.497112952,0.336089954,1.336355962,,
17706.90884,8.409455297,0.962302401,520992.1335,0.962302401,0.830145257,98.25204193,,
7344.989956,1.426560527,0.163021435,250384.6576,0.163021435,0.739788337,30.25764995,,
6482.279706,5.057067631,0.430804725,260357.5639,0.430804725,0.990405277,54.46138785,,
13164.07112,17.78318266,0.837340916,696389.0935,0.837340916,0.91327585,46.25179917,,
10052.0815,12.15193144,0.831521131,650270.5279,0.831521131,0.124185328,80.49419195,,
18690.15606,17.24466493,0.581737323,581868.4826,0.581737323,0.003095441,6.512165112,,
2560.583711,16.14605453,0.859745137,383541.0928,0.859745137,0.155957605,53.61133413,,
14113.66582,4.010508654,0.390030713,45752.36924,0.390030713,0.428631982,32.90425543,,
18442.74496,18.48307493,0.183436502,472265.4448,0.183436502,0.611687604,82.54929623,,
11381.52944,15.49348325,0.89574979,589337.7382,0.89574979,0.072464071,48.48537416,,
17943.11865,19.49072571,0.105413613,199456.7658,0.105413613,0.722893017,66.68627308,,
7035.723477,9.06610653,0.520030729,96362.99094,0.520030729,0.139493302,10.91882727,,
1675.370415,8.25114251,0.178849206,555115.9156,0.178849206,0.438333227,85.89257415,,
6842.431758,10.36227814,0.092976201,971132.0287,0.092976201,0.128881116,52.99804809,,
15754.07904,1.718840015,0.652785776,526366.4063,0.652785776,0.577823381,32.68889334,,
9705.377078,1.47920855,0.913521001,131950.2317,0.913521001,0.009380652,43.26846056,,
11542.33452,1.579154438,0.530433633,371135.8364,0.530433633,0.803112563,45.45283623,,
546.878107,16.16266483,0.863766169,877134.0056,0.863766169,0.400039221,72.9073853,,
3309.826585,16.98501486,0.974720701,162609.3001,0.974720701,0.830998798,97.65303885,,
13213.84436,2.239905247,0.190409905,248148.143,0.190409905,0.344105486,90.21354015,,
12831.38366,3.323143553,0.79642065,2955.270156,0.79642065,0.903947965,82.38489395,,
17102.73149,23.239782,0.499330997,875229.2511,0.499330997,0.624466905,12.23432784,,
10457.2687,17.37105648,0.945946526,808539.5152,0.945946526,0.474223811,24.3578715,,
5525.56383,5.576622289,0.532135942,576811.5371,0.532135942,0.173840828,48.49602839,,
9082.942509,17.8148993,0.895633901,369819.8454,0.895633901,0.831393586,64.5260126,,
19629.31652,16.61756212,0.233627095,34615.08132,0.233627095,0.167062604,59.17480195,,
8125.105074,22.47833059,0.053656801,498166.143,0.053656801,0.215937007,69.52944434,,
7280.505062,7.399040288,0.579661903,669008.4737,0.579661903,0.090450426,23.88634597,,
11944.95009,19.32699925,0.063166957,405446.7958,0.063166957,0.638636238,48.69609337,,
3885.873996,22.66957475,0.360063502,306653.1486,0.360063502,0.333797294,56.41594886,,
2021.683599,9.584064792,0.569824633,288945.8642,0.569824633,0.687885671,31.46494308,,
13594.96837,18.3494442,0.300022475,741913.4987,0.300022475,0.744270782,37.1486245,,
14079.53581,21.27781537,0.801018756,636877.778,0.801018756,0.297922204,53.06962108,,
16862.9882,13.06076339,0.020903218,714885.6299,0.020903218,0.956579245,55.81535892,,
4727.368334,16.90918297,0.649714099,401010.5583,0.649714099,0.201125997,38.82494379,,
4215.867822,10.27190692,0.16095799,593289.507,0.16095799,0.216459164,16.93721933,,
3897.063937,2.378151855,0.800117794,844288.7718,0.800117794,0.214618067,54.7931502,,
18802.0192,4.083708876,0.83371328,588304.5813,0.83371328,0.878601413,64.63477518,,
5272.458669,20.53091234,0.502621655,520363.2941,0.502621655,0.052677715,1.607844811,,
19372.90575,0.812341613,0.623713294,295148.1771,0.623713294,0.547198578,63.77003706,,
4464.02165,13.34806913,0.037448602,964298.6329,0.037448602,0.233659192,16.43796773,,
5372.299771,12.22256929,0.249369826,993608.7683,0.249369826,0.534169319,74.15156116,,
13909.45123,13.246729,0.676890375,807845.9295,0.676890375,0.000693954,3.636815009,,
16875.92939,16.88602381,0.533827783,685268.7764,0.533827783,0.975047006,56.08583794,,
13510.41924,14.1015211,0.961190462,986684.0888,0.961190462,0.587185945,48.532395,,
11941.79126,9.424147308,0.414908762,101499.3012,0.414908762,0.358030433,76.13436864,,
16661.54411,18.27634456,0.562596376,395146.6072,0.562596376,0.581582562,0.116534318,,
13352.54516,4.107395252,0.894666731,425060.3995,0.894666731,0.966719606,56.37164197,,
3552.922099,23.52102423,0.308723755,792002.1231,0.308723755,0.258894723,95.76149202,,
8994.524868,19.08934484,0.383115421,202317.5483,0.383115421,0.19980387,32.61065394,,
1580.994587,11.12305269,0.018521583,358608.2157,0.018521583,0.518917375,80.85004119,,
2804.259171,15.5722064,0.799844587,578329.6918,0.799844587,0.105855532,38.63393005,,
11025.93526,10.59133578,0.381692439,944831.7562,0.381692439,0.092413938,19.31388259,,
1717.108083,10.22500184,0.324872339,699508.0578,0.324872339,0.449059439,49.01364258,,
1574.475727,4.655509879,0.138307435,338850.6217,0.138307435,0.20552691,21.79871847,,
17296.35421,14.90926079,0.22179728,602640.3595,0.22179728,0.099308297,82.58511171,,
5086.297661,14.65826727,0.338814212,386193.0232,0.338814212,0.643129272,58.90553666,,
19914.12248,1.50171809,0.213421847,806636.3172,0.213421847,0.385205993,5.796083254,,
12114.2598,19.83819337,0.725157468,297705.155,0.725157468,0.683020182,55.72449249,,
5265.876824,4.189446393,0.031124792,285718.9307,0.031124792,0.231903977,0.202377588,,
17008.60213,1.402034222,0.011730863,594931.9123,0.011730863,0.888659378,21.91989408,,
14617.18207,11.76465444,0.046648246,423286.6373,0.046648246,0.650078772,57.00824605,,
19361.41753,3.592164654,0.246454088,504570.188,0.246454088,0.373846096,31.91568502,,
6103.965407,21.22007384,0.005675605,632949.1148,0.005675605,0.225410875,55.16146181,,
13210.19406,15.91879955,0.917931773,265369.1808,0.917931773,0.831244062,70.54996846,,
11401.21689,6.248493361,0.729204859,27633.21118,0.729204859,0.381570147,46.16429641,,
5976.515453,5.513970782,0.90842142,823897.7584,0.90842142,0.094466043,0.284783677,,
1092.301144,14.89605591,0.115551863,118343.5169,0.115551863,0.094275713,30.3185674,,
6653.288189,1.115971033,0.900853567,213087.2893,0.900853567,0.299026237,98.19588688,,
9314.894784,18.4914902,0.213698271,928159.8365,0.213698271,0.91070179,14.04021061,,
3118.443028,14.37972577,0.717532034,592248.2787,0.717532034,0.358837312,57.00793323,,
16221.46792,3.46380819,0.615223323,185668.9875,0.615223323,0.262941562,5.364747757,,
7658.072365,4.765227013,0.327125547,748812.8214,0.327125547,0.762489196,66.84537037,,
4839.431884,21.01335684,0.137567122,385131.8978,0.137567122,0.925779838,71.71491691,,
4268.809141,12.96221809,0.189871612,422248.6989,0.189871612,0.861115387,52.86177795,,
1818.569635,12.59507666,0.255617702,315328.4899,0.255617702,0.107562743,96.9299896,,
1166.060198,5.169656148,0.004050304,89351.83103,0.004050304,0.759171663,45.51935009,,
17805.44037,22.62839968,0.999623998,947107.8891,0.999623998,0.25438032,71.21700248,,
11647.76492,15.86292594,0.224237059,911857.2533,0.224237059,0.50594257,47.92088628,,
10848.62744,1.453387308,0.566006881,634063.0327,0.566006881,0.927980311,8.617645135,,
6100.522146,13.21849873,0.753438699,44706.67497,0.753438699,0.889823898,55.47400658,,
11107.3534,1.173156539,0.966233637,241382.762,0.966233637,0.070325803,14.65507001,,
752.1992506,9.89702813,0.219028615,39882.41319,0.219028615,0.859088137,40.44011247,,
8875.868376,14.1955425,0.418022372,126184.8279,0.418022372,0.129660343,36.05164933,,
10749.58092,13.15337584,0.496690235,387667.5929,0.496690235,0.117212254,41.19428548,,
15290.56011,15.01788865,0.592665413,221037.2786,0.592665413,0.989110312,48.54190429,,
3318.403037,5.802236106,0.115153077,407060.1242,0.115153077,0.654064321,75.26418643,,
9791.832032,8.512473146,0.121670383,48183.07157,0.121670383,0.985647863,49.06265524,,
14626.19427,19.72403647,0.512684643,925805.7845,0.512684643,0.57503639,28.0657962,,
18852.57691,11.1610025,0.713317872,948564.349,0.713317872,0.389694704,38.30873248,,
12171.40279,9.676184875,0.354124284,383263.2557,0.354124284,0.298266979,86.75723257,,
18184.67701,9.09722587,0.222945961,168631.7973,0.222945961,0.823927488,79.9841627,,
16597.65472,9.605893328,0.77501499,754515.7034,0.77501499,0.254669765,99.45884119,,
8450.779738,5.552484727,0.185314599,194985.0545,0.185314599,0.238530344,41.88680757,,
4520.684776,4.689956405,0.893434021,77683.50332,0.893434021,0.368960393,12.62057778,,
2756.447963,9.095182778,0.337208963,707931.4544,0.337208963,0.096672381,90.59410425,,
14089.16812,2.240622671,0.622581763,854627.1107,0.622581763,0.048828982,25.35119552,,
14052.54699,18.05312155,0.708726386,350106.4135,0.708726386,0.483576346,38.65702077,,
7881.94492,21.69356997,0.142021291,813227.5309,0.142021291,0.648328744,48.53836454,,
7453.194177,12.16386878,0.7379768,554186.7854,0.7379768,0.884667925,85.23560019,,
6348.021948,4.07966564,0.291820137,67450.52684,0.291820137,0.189118634,22.44877641,,
18404.25069,7.11239945,0.356400931,85938.24022,0.356400931,0.548189192,95.13103557,,
15860.64633,12.25106408,0.392019932,823390.7934,0.392019932,0.267221418,73.1989343,,
8362.40373,19.1872692,0.585507982,991934.4277,0.585507982,0.210139433,53.32544655,,
1411.344367,21.10776264,0.341192434,949364.8644,0.341192434,0.285881381,81.38421604,,
9811.978989,5.885970327,0.412393604,132938.7877,0.412393604,0.817662518,2.991751734,,
15861.98186,5.453779045,0.983526364,878237.3467,0.983526364,0.429481698,5.238756971,,
14465.13827,13.77170408,0.793258511,299576.3476,0.793258511,0.658295114,94.20906491,,
5034.963894,10.21968327,0.038380428,554371.6998,0.038380428,0.936833463,94.54911919,,
9120.280423,3.00466446,0.739089048,4980.351386,0.739089048,0.842427517,39.35353992,,
9404.090062,3.786094768,0.584702424,838826.5912,0.584702424,0.139619668,68.42439283,,
13466.00543,7.419770556,0.057102626,898400.4116,0.057102626,0.390596258,65.80839469,,
6766.495768,1.767595368,0.541314865,349536.8591,0.541314865,0.560263112,80.91213604,,
13835.73148,14.32534366,0.397579245,201239.8953,0.397579245,0.796471489,97.19472282,,
12479.62211,10.31502552,0.805291925,86298.76181,0.805291925,0.51205506,44.58437596,,
10930.23042,13.11882298,0.4944357,243770.4827,0.4944357,0.641663964,28.28606843,,
9516.005746,15.00566832,0.359987876,397405.6011,0.359987876,0.782253735,98.38226129,,
4859.318422,18.5224605,0.895078243,733616.0092,0.895078243,0.217898749,30.90955674,,
18309.13181,10.83747212,0.959886145,847843.8986,0.959886145,0.073398888,9.049597936,,
3602.901683,1.031014509,0.558410021,140980.9645,0.558410021,0.791339089,92.95793179,,
7938.371898,0.585689065,0.858704827,572745.1345,0.858704827,0.091507753,52.77975597,,
17549.05592,12.26353912,0.385541876,692058.2648,0.385541876,0.986925481,65.97735927,,
17961.05634,15.84215988,0.1838249,464094.0594,0.1838249,0.028491699,31.21002732,,
16935.92278,9.985547339,0.162615151,895241.1096,0.162615151,0.109537015,24.50505169,,
8700.559008,21.72731498,0.761459688,517940.549,0.761459688,0.80822117,36.83799061,,
8630.469722,10.59089228,0.473016277,162652.5354,0.473016277,0.386616602,87.89624278,,
18230.06093,13.00819391,0.374816749,849499.4,0.374816749,0.346014858,15.1135957,,
5452.118937,17.6166182,0.89465015,934039.315,0.89465015,0.994757766,68.77597864,,
16309.19019,15.78659546,0.186357436,22839.74881,0.186357436,0.401145816,64.75029082,,
16171.05676,17.94541563,0.394610709,211580.2062,0.394610709,0.895344062,11.56760599,,
19076.19942,4.235364553,0.460562086,858224.9183,0.460562086,0.807669772,23.89889172,,
13116.7775,16.4069983,0.253515538,127036.1014,0.253515538,0.440196533,2.881760998,,
1735.140332,16.0219161,0.224500142,768416.3057,0.224500142,0.968626612,22.14995499,,
11721.68267,4.163819992,0.464653009,35197.37009,0.464653009,0.842977477,28.53182453,,
1844.350467,5.086999333,0.606186585,768430.7745,0.606186585,0.13961823,49.05785768,,
1244.820639,2.191630004,0.592276196,268646.5703,0.592276196,0.946982982,63.20978935,,
2021.48343,11.3991739,0.856341545,578645.1448,0.856341545,0.680448849,31.99544868,,
15319.74522,8.802689629,0.875462257,634005.5904,0.875462257,0.124417743,80.63374009,,
294.9831689,1.936022151,0.855655632,242069.9408,0.855655632,0.588911957,64.3028562,,
6380.328507,15.67801607,0.575081622,484094.6491,0.575081622,0.279455763,57.68550755,,
12743.46728,16.05857188,0.060044067,40411.11214,0.060044067,0.04467907,38.93769144,,
18863.36891,6.26221735,0.087649861,710343.6943,0.087649861,0.65579588,57.026942,,
14762.45518,1.363375197,0.488896464,973931.1562,0.488896464,0.25380432,31.14100923,,
14193.1508,7.138122872,0.60591634,624007.5519,0.60591634,0.684154206,57.14074666,,
12427.88154,11.25960536,0.991421096,52599.47675,0.991421096,0.965448213,80.70778003,,
12706.39631,20.36287712,0.709742673,342516.6605,0.709742673,0.897311616,85.97087549,,
13134.49496,3.446212505,0.304375314,589725.9594,0.304375314,0.513678113,80.19709046,,
19919.17737,18.0943374,0.445754292,72302.76712,0.445754292,0.722686426,52.2295433,,
19165.71091,12.30254009,0.56121526,626906.7917,0.56121526,0.504589538,33.52643275,,
16614.44424,0.763774053,0.674705267,725362.0286,0.674705267,0.108499712,4.243786525,,
6105.068765,7.135101329,0.139044783,793212.1081,0.139044783,0.870913915,50.32791349,,
2179.53567,15.4697894,0.848185003,408784.843,0.848185003,0.351910036,82.65990758,,
4525.195237,23.30485975,0.499423071,916801.4847,0.499423071,0.606035669,56.00603096,,
2486.231935,14.628343,0.096636197,253852.8647,0.096636197,0.704588577,88.89244919,,
7031.523204,17.63909408,0.316133489,567537.0645,0.316133489,0.378456207,31.33479323,,
14341.70419,7.097470101,0.227504928,624849.0368,0.227504928,0.181251784,4.619356042,,
16685.94148,6.452561626,0.974974595,742725.2187,0.974974595,0.485335325,76.53844479,,
4719.061902,9.903896054,0.255575278,677395.5572,0.255575278,0.13354043,15.58975138,,
10384.29724,21.18859081,0.159285573,2347.205884,0.159285573,0.779265016,39.87258052,,
15956.90423,19.41726526,0.475545379,832343.0895,0.475545379,0.255455876,76.96613716,,
7464.724388,21.48811284,0.897812509,249741.5462,0.897812509,0.465935731,25.67241586,,
11087.38091,19.54314701,0.837127937,934231.414,0.837127937,0.027586349,65.45639175,,
12399.66034,11.35462752,0.523322878,116493.698,0.523322878,0.329484463,95.39868851,,
6257.291218,11.47555565,0.787991126,196896.3038,0.787991126,0.87612924,64.5054533,,
2785.201412,22.78074696,0.46556142,535599.8355,0.46556142,0.717887615,47.26219817,,
12835.10959,15.09068752,0.543717363,39341.2146,0.543717363,0.96756134,48.8041923,,
2794.833533,19.65936615,0.688186064,605332.2755,0.688186064,0.833255845,91.74396552,,
5968.418379,15.13821847,0.050437484,718884.4391,0.050437484,0.755277894,45.48926439,,
6839.284801,0.547218357,0.835785512,514434.8083,0.835785512,0.260602781,7.820553394,,
11059.97097,22.71559063,0.145051401,315546.4402,0.145051401,0.708058659,74.69705492,,
6176.958091,3.507435172,0.754958235,218257.083,0.754958235,0.553757759,88.70987196,,
13192.11836,22.44303556,0.660550495,811910.0143,0.660550495,0.141920282,94.14543903,,
13918.93105,7.075350034,0.657957836,175927.2306,0.657957836,0.98651382,50.01215617,,
18240.80271,13.35011314,0.933312976,558244.0546,0.933312976,0.532233835,87.25281204,,
2018.27519,7.223733415,0.303886346,206045.1114,0.303886346,0.995604,99.62203397,,
3089.427932,15.7516826,0.264299418,915628.7283,0.264299418,0.164628419,16.79272171,,
16420.34191,8.659674698,0.383514618,556626.7323,0.383514618,0.534165237,40.42405585,,
1351.791271,23.76523358,0.94890451,496615.092,0.94890451,0.948602049,81.41938875,,
14800.01613,22.72834052,0.266054467,375262.3898,0.266054467,0.625121051,80.31128317,,
17056.77529,8.693351472,0.955033502,985457.4489,0.955033502,0.137023152,14.13258875,,
9587.587965,8.083803788,0.794751951,968043.3534,0.794751951,0.062977946,34.62343236,,
12926.17805,23.61337626,0.423507235,96194.11413,0.423507235,0.742076017,14.78833367,,
19108.01794,8.997017792,0.463304173,160121.0636,0.463304173,0.684940776,79.18751116,,
18002.16525,16.01448239,0.845187534,989837.9821,0.845187534,0.738326368,55.89244184,,
12934.02917,7.032971067,0.156853705,132341.8445,0.156853705,0.832617731,43.28554169,,
3544.130661,23.15051827,0.372120781,689158.237,0.372120781,0.873356648,99.97013838,,
4624.589797,10.38760602,0.334146663,991834.5625,0.334146663,0.762669837,15.07703554,,
12035.69345,19.41566431,0.306128889,567218.9116,0.306128889,0.490787016,63.42392036,,
2631.615963,14.20436829,0.161362893,714124.8347,0.161362893,0.269884453,67.14892094,,
2091.02536,18.20160588,0.69482081,422486.5243,0.69482081,0.617889773,18.29527884,,
19103.41057,14.76027783,0.061892797,529937.3125,0.061892797,0.169649432,31.0426585,,
2805.595168,7.339668607,0.186363187,438201.9904,0.186363187,0.667878422,37.60485373,,
5352.624981,19.59505899,0.1320268,37603.78341,0.1320268,0.112651957,50.95816716,,
725.3150642,23.97827173,0.838185077,99133.07545,0.838185077,0.29956243,84.39433774,,
8954.060297,10.54249424,0.047146494,715794.8204,0.047146494,0.781919535,71.79652048,,
1009.224968,12.96208284,0.498868121,433717.2788,0.498868121,0.595802012,44.25207795,,
18228.89823,20.18296452,0.030449164,274128.9155,0.030449164,0.98741125,60.31933401,,
14045.97679,18.77711317,0.288064765,319200.9545,0.288064765,0.490892832,44.7684787,,
9616.476946,3.258600006,0.258117661,292325.4409,0.258117661,0.324918403,55.56934312,,
5228.060985,17.25530204,0.220098706,398533.1696,0.220098706,0.686356909,74.59241116,,
11282.4715,7.398263927,0.05325404,463534.7207,0.05325404,0.990975626,19.20051916,,
3807.264231,17.67066526,0.885864342,733754.3032,0.885864342,0.360200245,17.896681,,
12822.40025,21.80564775,0.033362912,456570.5102,0.033362912,0.446856051,94.25732744,,
18627.39308,7.021006394,0.690380099,830020.3748,0.690380099,0.970646273,75.19066003,,
17523.3096,21.55428945,0.788248075,756638.852,0.788248075,0.817991548,6.379264076,,
14541.22354,19.65824609,0.474438792,295471.4636,0.474438792,0.654268336,69.63195357,,
11584.61246,8.287613688,0.17188322,134451.4166,0.17188322,0.873864773,26.68753202,,
6813.496551,15.07634988,0.789312113,165114.1252,0.789312113,0.107763725,80.96658151,,
4226.575433,2.596440145,0.350497903,166836.8667,0.350497903,0.241111887,12.866255,,
19917.51152,5.411229434,0.884532691,489370.665,0.884532691,0.087456174,57.40811468,,
15180.47097,0.625154161,0.535769605,449631.8835,0.535769605,0.779035268,38.69071325,,
5722.442407,8.391199898,0.496588794,465442.1788,0.496588794,0.681863615,24.17408297,,
8594.95332,4.374065124,0.886964248,676169.023,0.886964248,0.711085337,40.8659536,,
13408.04384,20.84429621,0.992204701,712060.9581,0.992204701,0.393425317,81.9738331,,
5625.205611,1.046041233,0.422696969,657467.9519,0.422696969,0.779464037,16.02911516,,
13221.81962,19.37377896,0.536089777,725376.0936,0.536089777,0.889765478,98.96201717,,
7389.615091,11.13762391,0.982930217,311333.5701,0.982930217,0.011326952,81.49113087,,
13002.39759,5.142822358,0.844981892,222398.179,0.844981892,0.175556874,61.91456274,,
8571.072147,4.636041666,0.65488296,234880.8151,0.65488296,0.076479811,94.92180593,,
5899.320699,16.9684982,0.942921025,216257.6562,0.942921025,0.514844474,51.29298786,,
7095.408999,16.73787681,0.112449531,274629.34,0.112449531,0.824304243,65.28093414,,
17407.01221,15.07174767,0.414378328,484166.0688,0.414378328,0.387429988,96.16498071,,
14525.09123,4.315316582,0.413096787,868342.1928,0.413096787,0.061484606,63.35390088,,
19863.39859,14.01969226,0.31998927,84649.96595,0.31998927,0.035765987,6.064166829,,
9369.540872,17.09721189,0.714417149,140469.8019,0.714417149,0.761080133,54.76885038,,
10149.26594,3.765644035,0.295524651,185108.5105,0.295524651,0.277990093,10.06235313,,
6865.22207,12.45661661,0.574731844,816279.0604,0.574731844,0.676183196,34.63355602,,
4064.599528,8.777553814,0.490600198,89237.66561,0.490600198,0.730274751,49.74423063,,
10245.78842,16.77621271,0.636239032,782270.6158,0.636239032,0.653811464,19.49269139,,
15849.56322,16.99336265,0.814295232,816026.6442,0.814295232,0.46540082,63.83341124,,
3486.094319,7.916717784,0.447753521,605318.6928,0.447753521,0.002043117,51.67578585,,
2097.250646,10.56086262,0.389672351,315101.1858,0.389672351,0.93161049,20.51453402,,
11763.96632,10.9462809,0.740668499,96559.48073,0.740668499,0.219134567,97.64425063,,
13761.13609,21.7689373,0.542084227,754461.5289,0.542084227,0.469480128,73.36952795,,
19192.88897,11.45893911,0.782727186,97071.49554,0.782727186,0.352416355,70.55835659,,
14638.75615,23.64853813,0.898014985,941989.7611,0.898014985,0.519822917,98.34373468,,
19523.68486,13.18485144,0.383967942,75922.49731,0.383967942,0.463113855,30.33467371,,
432.9223813,22.62368585,0.575533662,722415.1994,0.575533662,0.583633961,22.67980742,,
6885.315023,22.18040938,0.896441168,618120.544,0.896441168,0.504255092,9.420003573,,
15997.03596,21.77595858,0.67413863,583886.55,0.67413863,0.677491125,57.40986817,,
17187.79155,13.06509521,0.094887258,235201.2348,0.094887258,0.135414515,47.98184372,,
4537.967662,8.75473142,0.060380167,884723.571,0.060380167,0.899202827,51.31769033,,
16166.05056,8.61226327,0.648775492,240543.4129,0.648775492,0.362582827,60.49468108,,
2175.688789,17.92110242,0.201859873,861264.8009,0.201859873,0.952651323,17.21551199,,
8567.28809,15.17725055,0.776511739,95889.06153,0.776511739,0.302549215,71.78339686,,
18250.15243,16.44754888,0.604712251,926963.3759,0.604712251,0.124908221,32.9610525,,
18767.93939,8.096681032,0.039622966,527075.0656,0.039622966,0.046503489,29.57172067,,
13108.05659,19.5253579,0.835046437,715149.6656,0.835046437,0.991539992,36.05564354,,
10725.91973,7.690233962,0.281457635,596845.1197,0.281457635,0.328079507,45.36281037,,
17768.1109,0.968110711,0.609620472,214598.5335,0.609620472,0.494785241,72.02352161,,
9147.84489,13.98778698,0.102686249,16476.57402,0.102686249,0.331557794,96.04942601,,
8925.500344,11.27848255,0.195100066,165799.0338,0.195100066,0.357844746,25.8433356,,
2439.0633,22.78298385,0.722495559,470937.5992,0.722495559,0.318584011,54.64120478,,
17489.18335,23.31473698,0.203196975,855034.65,0.203196975,0.516003362,23.00140215,,
1201.925986,17.34934691,0.135270168,832732.781,0.135270168,0.515335477,86.01179292,,
12601.04655,14.2501232,0.872607662,811373.1723,0.872607662,0.540426377,8.976047013,,
15096.90946,20.61772772,0.961834173,832168.689,0.961834173,0.387233979,93.85152687,,
16036.87413,21.36043196,0.712575142,673288.0208,0.712575142,0.39822728,56.43763369,,
3620.121807,17.45288631,0.173625781,507949.2627,0.173625781,0.820593719,62.5041697,,
10779.27895,9.553359112,0.396737083,468518.4864,0.396737083,0.208045044,61.61847242,,
14143.57801,7.366236887,0.776713049,804992.6778,0.776713049,0.166606986,5.396029725,,
6862.040761,13.97396795,0.193119525,434320.152,0.193119525,0.105404586,66.49990966,,
9861.600818,6.571996296,0.508143492,651289.7632,0.508143492,0.597355656,67.94800051,,
9672.328212,7.370787475,0.96738008,763981.0836,0.96738008,0.767049464,80.86983884,,
2834.441702,6.078801924,0.889241272,817319.9101,0.889241272,0.945747162,45.35269285,,
17381.30106,4.581428292,0.457470361,301124.1038,0.457470361,0.265387745,48.36009011,,
18129.34238,16.80702167,0.953890279,477498.612,0.953890279,0.845633375,5.359122486,,
11915.02693,6.135058869,0.509861271,106789.6026,0.509861271,0.682302688,97.93098223,,
10492.3968,10.98481598,0.574246643,958265.3276,0.574246643,0.855203883,45.0574049,,
10643.57146,17.4553748,0.972185963,419568.9814,0.972185963,0.345417609,6.463981066,,
16854.34823,13.99124715,0.59196373,203644.7894,0.59196373,0.465827843,75.09422469,,
15819.36281,15.98054575,0.793065284,190637.8487,0.793065284,0.630237641,99.51951503,,
3369.711481,2.069856488,0.421875686,874739.0571,0.421875686,0.478835853,84.19557483,,
10166.6354,10.36598425,0.118817051,545552.9039,0.118817051,0.922328051,88.25077209,,
1048.338384,14.33257812,0.715198745,674140.7896,0.715198745,0.421574313,96.92559441,,
6735.478294,12.60151591,0.574840318,809788.3615,0.574840318,0.607744766,63.36898734,,
2572.11562,23.41379575,0.072995854,45105.61776,0.072995854,0.002397138,48.95946684,,
4665.310542,20.49814203,0.311733459,20371.83347,0.311733459,0.109120669,99.64004802,,
15106.80526,14.04531424,0.731187446,27696.2014,0.731187446,0.664555899,47.67439617,,
6253.276079,18.39613653,0.399444588,76025.41702,0.399444588,0.686043629,58.57511014,,
7969.063305,17.246671,0.678192874,982657.8024,0.678192874,0.149624052,62.89238946,,
5297.119783,15.14718658,0.293500566,890209.6154,0.293500566,0.127049154,71.9137428,,
1479.472549,20.85049015,0.097304112,368974.0956,0.097304112,0.301761512,65.4255121,,
15689.87074,3.018049166,0.47305633,348760.771,0.47305633,0.016013937,73.78470362,,
7472.571691,21.07887263,0.864428628,530727.6066,0.864428628,0.642257513,72.99788842,,
4221.227192,16.70673054,0.355013198,838031.5653,0.355013198,0.684745416,52.04683143,,
15805.93529,19.64785264,0.850681294,973871.0259,0.850681294,0.922873948,28.68472874,,
5295.233574,14.15877414,0.059554843,397847.9149,0.059554843,0.69672947,86.81605508,,
15152.72258,18.81028897,0.921752278,670494.6511,0.921752278,0.199332985,45.89629944,,
17607.21165,6.335167902,0.746910097,274001.7357,0.746910097,0.379158121,92.79748841,,
1237.686815,6.964009923,0.913417598,540951.4011,0.913417598,0.133837801,11.92074743,,
6499.223346,8.871933762,0.375598996,697427.4447,0.375598996,0.758997258,28.60413267,,
19027.95156,2.098059356,0.711687279,334542.4366,0.711687279,0.84348935,83.46322185,,
325.1685875,7.264294617,0.213417053,104663.7017,0.213417053,0.692651023,50.87601336,,
14629.98867,6.65538951,0.083887815,128586.3332,0.083887815,0.713587857,56.23026302,,
16105.24337,18.11833926,0.869641931,214034.1196,0.869641931,0.246993668,54.15136846,,
6238.325449,16.38167232,0.565850826,337235.2586,0.565850826,0.432524261,15.98824993,,
3718.276358,5.860534535,0.898260291,497908.2302,0.898260291,0.784466972,33.27894463,,
7248.450876,12.49574272,0.955793199,296590.2687,0.955793199,0.478617795,19.72952566,,
4967.279744,3.958829389,0.706215045,818108.8898,0.706215045,0.517130468,88.41322323,,
7387.758439,8.698327373,0.089338441,258915.0171,0.089338441,0.916537543,36.02015295,,
6262.919735,13.56770448,0.83600471,652107.7739,0.83600471,0.399610679,25.78303784,,
7787.240658,4.111286947,0.126945036,744699.8458,0.126945036,0.001944862,95.96279516,,
19554.53899,20.05640514,0.652931008,496590.2315,0.652931008,0.828940008,25.37629303,,
17594.58316,10.72756838,0.390014486,650302.4915,0.390014486,0.410567575,38.14300385,,
17542.07822,21.60763195,0.526247506,628119.1989,0.526247506,0.139084971,77.97360795,,
1737.91837,11.68054911,0.205228012,478240.6102,0.205228012,0.1712489,87.94655506,,
11539.24963,7.185579847,0.419792745,78818.44633,0.419792745,0.196888941,71.01501791,,
4969.721557,6.283517815,0.559004857,609330.3849,0.559004857,0.480326169,52.08531932,,
6843.211035,22.13773761,0.211025645,135495.128,0.211025645,0.486395504,84.34301995,,
2335.658108,4.370749084,0.032947749,353566.4865,0.032947749,0.200271752,12.74547791,,
7881.588864,19.25797645,0.575324697,545920.854,0.575324697,0.901422864,58.5478304,,
17139.32289,10.46530758,0.137455068,25193.71492,0.137455068,0.734716574,43.27056076,,
12981.97052,23.35904198,0.382271991,86480.15925,0.382271991,0.082924457,9.200269515,,
15122.5991,4.996476688,0.81463677,372493.4055,0.81463677,0.173541163,96.55752138,,
16964.87359,17.99091502,0.620784273,76657.05307,0.620784273,0.758199547,46.18937835,,
8792.409715,4.485626071,0.744544836,890765.3304,0.744544836,0.565568954,26.71337873,,
13258.46599,22.37196449,0.315679747,544350.52,0.315679747,0.652391208,11.77960707,,
16425.48678,10.57098448,0.11035907,781910.7734,0.11035907,0.803640259,80.76078644,,
17540.86722,8.332889279,0.273993651,837302.5833,0.273993651,0.464868259,60.95579306,,
3611.026549,7.392526443,0.446152963,464050.2564,0.446152963,0.258621808,11.85950812,,
19681.93729,21.9807394,0.337597561,631683.2549,0.337597561,0.835412583,43.16743883,,
9214.379903,2.975576215,0.016105436,382281.6606,0.016105436,0.396261342,71.5328788,,
9316.227643,22.27117069,0.129273175,431837.4351,0.129273175,0.009356759,39.88590405,,
11733.65546,1.821419411,0.577434378,911493.0403,0.577434378,0.703566463,1.35642528,,
9875.094704,22.6581751,0.197089363,452308.5395,0.197089363,0.721727611,5.485502828,,
13319.47234,5.795820723,0.531854346,87451.11253,0.531854346,0.343978149,28.10680904,,
16494.79893,17.28218412,0.223663017,531377.2323,0.223663017,0.772405712,3.170667532,,
7923.298928,12.844867,0.287922249,195965.2581,0.287922249,0.577268465,61.47826706,,
6067.983165,1.928746747,0.173385195,458175.3949,0.173385195,0.711503638,93.70505688,,
7886.477068,10.6193614,0.203600709,373227.438,0.203600709,0.571271588,49.23056463,,
2138.082217,21.40310611,0.697698372,379641.9567,0.697698372,0.797734141,2.306379327,,
9418.69666,8.216708547,0.131511969,968846.1859,0.131511969,0.378156232,48.64662784,,
18091.38672,12.41718424,0.773572013,462203.0694,0.773572013,0.34144904,97.59925147,,
19502.1031,7.79986545,0.959519781,912220.6342,0.959519781,0.308678151,62.46260202,,
11675.09041,3.096535229,0.397570746,120141.0394,0.397570746,0.546196615,78.07157678,,
2506.655709,18.44204381,0.217592297,700112.1995,0.217592297,0.289869189,2.866911089,,
9198.360915,13.14096641,0.248524315,143656.3424,0.248524315,0.657766791,81.47100183,,
18508.65191,4.265316966,0.572548415,169866.6101,0.572548415,0.190743246,14.81619009,,
238.8304579,9.500126887,0.971130759,890809.0953,0.971130759,0.182922092,65.78095745,,
12759.54202,12.4554819,0.253892179,100984.9282,0.253892179,0.230761838,28.89229478,,
15384.99764,1.523025745,0.835001116,999908.7816,0.835001116,0.421855543,66.34152851,,
1931.287599,1.158453368,0.405686606,105975.3442,0.405686606,0.21625422,55.10628521,,
16206.50432,10.84576803,0.239858813,658279.5953,0.239858813,0.08022336,88.08109895,,
8560.80829,15.61244388,0.4043708,206282.8832,0.4043708,0.861917556,72.62280209,,
4821.389712,23.16283131,0.643209255,512554.6868,0.643209255,0.504993743,13.47566799,,
5269.150585,3.322463217,0.892064326,38810.14232,0.892064326,0.298033272,77.74031834,,
15324.81217,6.51560642,0.099303217,733337.3507,0.099303217,0.522329611,9.137243409,,
4054.288245,23.92718477,0.748411739,258111.8901,0.748411739,0.152237341,23.17777965,,
12560.49642,10.92150014,0.689074385,625867.5355,0.689074385,0.72339084,89.32088526,,
10149.45448,21.67466744,0.727879378,957805.9769,0.727879378,0.997207224,88.29475114,,
2834.608114,11.17602345,0.994469128,528447.8514,0.994469128,0.417468446,12.74961343,,
12722.27107,20.64660886,0.626093882,879680.8926,0.626093882,0.206337281,20.75774917,,
7334.691517,3.819814939,0.156490185,691889.6659,0.156490185,0.63182287,0.35219684,,
2760.851676,17.39718134,0.894708826,669410.135,0.894708826,0.242323581,21.92365698,,
13485.74146,9.206523377,0.964844311,717697.4585,0.964844311,0.999727608,65.8886624,,
5162.934948,6.331559378,0.446288905,744580.7594,0.446288905,0.423150094,69.75182549,,
14437.22253,3.462573661,0.361455432,710914.0913,0.361455432,0.726690364,86.19458982,,
17938.57832,4.489209297,0.206198227,569356.5633,0.206198227,0.66751512,99.11542196,,
1037.13523,20.64340102,0.833329455,24240.07532,0.833329455,0.442415864,66.71253989,,
14768.76808,7.749326439,0.043815025,481523.0077,0.043815025,0.480664013,30.68713527,,
5202.066056,2.998627439,0.691963016,440198.7541,0.691963016,0.417347297,13.82855459,,
2157.855732,9.516379323,0.650379115,548587.8101,0.650379115,0.881384034,71.79561279,,
8191.371366,23.77244734,0.806611944,432310.161,0.806611944,0.840874141,37.34624511,,
756.2902988,2.755634229,0.116964522,569447.991,0.116964522,0.9610427,40.58058451,,
5955.71679,23.90871063,0.397932449,83767.64569,0.397932449,0.766274818,54.66778296,,
9575.834644,2.051391147,0.274494105,651996.6828,0.274494105,0.673286574,95.04210305,,
12440.83833,15.86299808,0.732394045,753984.2141,0.732394045,0.982121111,65.34776337,,
12106.52862,11.75291207,0.682010281,692904.6717,0.682010281,0.895544459,48.25527454,,
12317.90356,20.94821708,0.683017338,428452.1858,0.683017338,0.724324191,20.29873695,,
13469.72956,1.231732548,0.39150664,480960.9831,0.39150664,0.756982459,88.22411065,,
277.6167111,12.40952035,0.53948035,255588.4848,0.53948035,0.837072172,16.79936092,,
5302.645686,1.543455183,0.170834268,921440.044,0.170834268,0.63599338,48.25262045,,
9116.158643,18.51324385,0.85686473,940661.0936,0.85686473,0.516037125,28.00560916,,
3672.636202,14.06235722,0.868523039,759511.8272,0.868523039,0.877944854,23.63687718,,
1964.123023,16.52220168,0.852336421,108452.4989,0.852336421,0.735729463,94.16725609,,
9843.014026,11.76748124,0.218667146,382197.2806,0.218667146,0.169954428,74.15610807,,
17457.60008,18.50182984,0.061819034,650848.6515,0.061819034,0.531781341,75.73658321,,
7753.246505,20.36360612,0.265191699,18482.65216,0.265191699,0.214515699,57.7208835,,
12220.51252,9.548020743,0.906806992,5653.523374,0.906806992,0.41386401,53.75924801,,
8311.38747,2.194216394,0.369871617,748307.3594,0.369871617,0.342791474,77.57284545,,
10707.66519,10.64792846,0.347272001,715520.0358,0.347272001,0.370379905,52.32827293,,
6009.001029,2.052683793,0.763504812,209578.5182,0.763504812,0.66623993,96.80835012,,
17707.22279,12.33876194,0.429956321,378826.9442,0.429956321,0.925516747,32.87042897,,
109.4880437,14.00080417,0.133524891,781443.3199,0.133524891,0.369315936,31.91836158,,
15675.93715,13.2658306,0.349901992,800627.4499,0.349901992,0.476899828,90.80919572,,
11153.49965,18.31412408,0.376793467,614027.238,0.376793467,0.517620101,24.16988369,,
10932.15754,3.537989751,0.265621749,629559.7208,0.265621749,0.269822485,2.795504356,,
10455.9565,6.536074681,0.902564974,941124.9615,0.902564974,0.236435079,81.01122052,,
14010.57072,8.619306401,0.504237856,25882.51372,0.504237856,0.022675313,76.30302167,,
12774.17128,23.12776271,0.032432972,175135.1351,0.032432972,0.501424794,54.37335867,,
5860.847225,17.45454598,0.248190215,629603.9727,0.248190215,0.564713425,31.44816231,,
5357.398466,8.74915731,0.4120757,536206.1014,0.4120757,0.789547269,31.63207454,,
2931.047164,12.21074746,0.983726755,167662.2442,0.983726755,0.311255315,51.29308898,,
3926.23667,7.350885006,0.427015622,853758.4087,0.427015622,0.720546655,81.55540807,,
3421.365509,20.46003346,0.470713653,509728.0047,0.470713653,0.607081876,50.15592661,,
4338.8388,4.445784745,0.933154004,636256.6111,0.933154004,0.667523819,90.41799325,,
2268.838651,6.111236402,0.854879813,709160.812,0.854879813,0.874503324,70.26215588,,
12365.29705,4.925379304,0.759207565,911608.1916,0.759207565,0.73493236,49.78123488,,
11955.43238,11.39730518,0.16050983,480706.0361,0.16050983,0.577892148,19.57181388,,
19053.05809,19.83172976,0.068904448,340335.8909,0.068904448,0.148912904,28.99919445,,
14741.77292,3.460268941,0.658480629,65729.60452,0.658480629,0.357617291,33.80303971,,
4342.674385,18.54120143,0.991129622,845565.4076,0.991129622,0.749749404,65.61914295,,
11216.23093,10.57805799,0.443328745,428178.1025,0.443328745,0.630310049,78.83250422,,
16686.10518,4.646878977,0.105129528,188102.9697,0.105129528,0.304585011,76.95428879,,
16885.47067,11.61324686,0.223449956,483791.8059,0.223449956,0.937730851,59.70963527,,
5028.978976,0.558651248,0.386497705,491147.6644,0.386497705,0.308245906,32.58908768,,
5575.024981,22.85938356,0.877244362,530065.6559,0.877244362,0.935454836,35.36577071,,
15585.4322,13.99865272,0.804773835,504535.1086,0.804773835,0.827381758,67.84514022,,
9402.878664,2.427318645,0.485569937,220194.281,0.485569937,0.342289187,59.87559451,,
3484.521444,6.376540517,0.227943352,553529.7811,0.227943352,0.150411946,21.83800838,,
2736.425329,14.83916866,0.601852244,522125.6264,0.601852244,0.939649029,52.25455762,,
4795.346323,20.72220355,0.477235201,70467.49582,0.477235201,0.37734222,46.17693258,,
8023.996234,16.59837207,0.441256572,438427.6659,0.441256572,0.769241881,35.44008572,,
10878.16302,17.27094734,0.985161591,358213.486,0.985161591,0.580590805,71.44807858,,
2464.951408,11.82470621,0.330853426,702344.8105,0.330853426,0.189661513,42.93037655,,
17638.55511,17.77566041,0.960395146,189352.2528,0.960395146,0.894177472,38.02257169,,
18711.18473,3.460199069,0.212868142,302332.2351,0.212868142,0.380449125,93.99892298,,
1991.291073,15.56947716,0.280633979,884677.8262,0.280633979,0.681539562,31.21166713,,
6357.598004,19.34640358,0.701450936,692422.0947,0.701450936,0.296088716,71.61619888,,
15094.46574,2.896035371,0.171590173,806148.0173,0.171590173,0.891711513,67.8175413,,
10361.85345,9.77779861,0.168285925,688524.9419,0.168285925,0.900894518,23.25550807,,
9464.535462,16.04672306,0.929368466,834325.2417,0.929368466,0.463180983,15.82718019,,
2451.44934,4.612032264,0.14346613,213719.288,0.14346613,0.871145984,12.09679059,,
14478.61476,2.899682362,0.016361414,820001.1774,0.016361414,0.142291148,89.28590118,,
4037.846161,14.3979081,0.020091008,695150.7836,0.020091008,0.790923702,56.29221418,,
14493.73575,16.698194,0.258656523,333242.6463,0.258656523,0.16130372,41.46186005,,
9170.285459,8.707830533,0.120363627,796067.9673,0.120363627,0.714437668,32.24907959,,
19351.48495,9.18388784,0.645426549,196146.5062,0.645426549,0.026526615,56.59140249,,
5937.672125,12.0667601,0.95829883,269882.4347,0.95829883,0.578596969,10.76891444,,
4042.063163,5.220809655,0.377893274,26002.81348,0.377893274,0.030345369,70.64288829,,
16616.53034,1.07954606,0.890408678,11690.83924,0.890408678,0.055387837,19.41316586,,
2167.736998,14.66793433,0.546282567,520091.5689,0.546282567,0.927589262,54.35538654,,
1901.4099,1.347305136,0.932147146,49988.77677,0.932147146,0.729821509,11.47139516,,
18467.96419,10.97910736,0.343260536,1376.521789,0.343260536,0.993082373,8.040807774,,
1026.177192,14.4031246,0.399590445,203418.995,0.399590445,0.649360003,12.8482089,,
16341.78394,2.935166587,0.291056818,106891.4795,0.291056818,0.436130844,55.89703278,,
14855.15015,10.98730991,0.481632832,312538.556,0.481632832,0.247659489,38.4589373,,
17594.16611,18.66187287,0.245802522,32506.60607,0.245802522,0.68821908,22.42023593,,
2690.9022,19.69918086,0.862012934,878877.8563,0.862012934,0.538344444,67.95518562,,
14116.40142,3.859075023,0.20727433,565383.4426,0.20727433,0.523631118,58.92197275,,
9881.449076,18.90029266,0.849865361,635673.9551,0.849865361,0.382400484,68.17840135,,
9864.357215,20.17463336,0.104320894,58435.37409,0.104320894,0.467649463,71.53753486,,
967.7911825,3.996345288,0.397898056,714799.3405,0.397898056,0.554387579,96.46029178,,
7530.086882,2.672011197,0.184221515,933547.6291,0.184221515,0.107202368,78.38210063,,
3288.211537,17.95036949,0.228929835,940235.9652,0.228929835,0.031990953,58.99597369,,
4501.078145,9.872354953,0.585673908,221063.8871,0.585673908,0.317374882,60.78193429,,
9201.469199,3.316235247,0.909896317,636483.8803,0.909896317,0.358319546,67.05302355,,
2929.734299,21.82817385,0.276177927,903772.2384,0.276177927,0.158451807,59.03771275,,
17217.04649,8.489149378,0.297061232,700264.8913,0.297061232,0.03408658,50.761574,,
1510.344858,21.93061782,0.578547936,103629.564,0.578547936,0.674202171,99.44044188,,
7342.617353,14.40574146,0.774521522,553285.155,0.774521522,0.75593653,48.53718575,,
6999.29921,3.104333909,0.617704652,293533.3963,0.617704652,0.558144115,79.9140136,,
8145.762908,5.473559363,0.58158742,253069.9519,0.58158742,0.32270769,36.24981521,,
12660.43903,20.64279658,0.068455552,564654.7177,0.068455552,0.22076106,39.28520769,,
14879.99111,10.08607344,0.879865668,888448.1593,0.879865668,0.644144285,95.23024902,,
1623.604119,14.159457,0.34531572,590352.4045,0.34531572,0.478275381,51.46218977,,
16104.72169,15.90635329,0.598028797,861469.7609,0.598028797,0.963818109,87.04493438,,
13665.07335,23.03843191,0.656631122,40303.18735,0.656631122,0.939119617,70.00946401,,
7622.222838,13.62781618,0.623916124,735888.2905,0.623916124,0.764739595,12.48022237,,
5352.014815,17.58240431,0.856368173,520622.6327,0.856368173,0.785231519,8.547266178,,
10620.74491,10.85010622,0.101976552,836244.7863,0.101976552,0.058897238,3.75241879,,
6893.019175,19.18595742,0.862273219,949377.8124,0.862273219,0.323991495,20.9979942,,
1442.669711,1.769808926,0.091145822,774206.1499,0.091145822,0.95223469,76.86186877,,
15802.00387,16.24056494,0.015121425,670865.6603,0.015121425,0.937016323,2.437267474,,
14070.58355,18.9322204,0.922346554,17859.8378,0.922346554,0.47200565,35.97021694,,
1238.442944,19.73269376,0.072017489,817490.1233,0.072017489,0.978183137,65.21020127,,
3228.543339,21.24909529,0.854722736,778591.7407,0.854722736,0.232486432,37.06931409,,
2761.414806,7.163300388,0.112800965,433201.4334,0.112800965,0.491551487,33.2241154,,
1308.639605,18.19170201,0.977311732,758623.5667,0.977311732,0.113476982,7.768742444,,
3378.962925,23.95103341,0.781340617,311074.3022,0.781340617,0.448607203,77.45755498,,
11146.05026,20.31968009,0.351659668,94130.92325,0.351659668,0.709988804,64.32150694,,
16706.82128,13.9611954,0.990732796,965165.7078,0.990732796,0.947749778,84.20923162,,
6680.554159,7.287564575,0.352458972,82760.07443,0.352458972,0.409122281,24.38874805,,
770.4989133,8.82843346,0.367333396,283130.8412,0.367333396,0.477291496,9.587037276,,
7298.959202,2.380984763,0.001790826,800988.2628,0.001790826,0.581373314,37.76021319,,
8101.764535,6.052700391,0.204543197,321672.801,0.204543197,0.587701794,6.503780221,,
16806.77313,14.58722422,0.318104367,579119.1751,0.318104367,0.813234303,94.75804723,,
13256.73721,20.52212565,0.430600093,861118.4205,0.430600093,0.934839896,84.10179649,,
11732.6046,14.59062254,0.67311063,636453.4808,0.67311063,0.737539673,28.53274557,,
15935.73253,16.78126139,0.267313383,248168.805,0.267313383,0.227157708,7.468138044,,
10345.25218,22.66987849,0.527229761,749905.0963,0.527229761,0.188851812,30.40455305,,
10935.5233,12.31459124,0.474423067,897829.245,0.474423067,0.047463974,22.96020671,,
17906.84627,13.29220199,0.390976417,908798.8821,0.390976417,0.642496241,53.37223199,,
17924.49324,12.88304099,0.207220201,600813.7504,0.207220201,0.545914348,1.116643363,,
971.8618522,7.681779428,0.051788935,776344.4208,0.051788935,0.680287848,69.36928146,,
395.8445352,18.29873907,0.050352849,137853.6052,0.050352849,0.421643058,45.16086265,,
15484.77627,6.527160334,0.526628196,216313.6857,0.526628196,0.991966461,91.64792607,,
4547.419037,11.71609897,0.253897401,655780.709,0.253897401,0.585718098,29.22069204,,
16389.67943,19.04910932,0.458748186,343699.6271,0.458748186,0.843672768,27.28964179,,
8668.785294,1.310824447,0.256712777,222349.8386,0.256712777,0.99841703,49.74559339,,
3238.156446,5.436028096,0.258991223,115602.1164,0.258991223,0.86331677,90.15040602,,
15083.06267,5.085214588,0.65313076,179451.3882,0.65313076,0.193834683,75.80553332,,
8531.908197,4.932500442,0.619476431,374825.0254,0.619476431,0.691067309,57.45019123,,
12948.47619,20.92627932,0.378348683,547423.7614,0.378348683,0.829413265,54.6828299,,
19458.12125,3.427165615,0.856966235,866338.5177,0.856966235,0.132771698,37.30698859,,
841.0202818,4.780506087,0.419464777,985697.8214,0.419464777,0.599977761,40.5390394,,
12793.69562,6.93269719,0.222223458,451510.4071,0.222223458,0.575369856,22.54844191,,
2216.850972,7.175514205,0.155203039,60811.64918,0.155203039,0.547733336,13.63026185,,
7354.952126,2.596033929,0.264817711,646665.2838,0.264817711,0.849995932,84.45502234,,
18631.12343,20.8386447,0.961887118,724698.8296,0.961887118,0.587544603,79.98065696,,
11189.99559,15.82257861,0.155205178,238885.2445,0.155205178,0.827485976,91.00308658,,
18763.83694,10.59442228,0.487905124,9327.756148,0.487905124,0.369206229,60.51199337,,
17734.95967,20.56785353,0.572185002,900897.158,0.572185002,0.269446864,94.03659083,,
1140.115712,7.732804436,0.593477103,444280.7491,0.593477103,0.810932286,20.32867216,,
5098.608496,21.06647119,0.550221934,187198.8455,0.550221934,0.413587788,79.55539961,,
6613.765722,19.38910535,0.387421724,777786.1888,0.387421724,0.877043976,64.67536305,,
16877.17893,13.89478685,0.162822755,792204.9863,0.162822755,0.113553066,63.94375333,,
11473.51978,10.78700749,0.440724931,93919.05075,0.440724931,0.407286669,16.09255997,,
19421.7253,17.71637418,0.754672854,202266.8792,0.754672854,0.220898173,84.58918149,,
5522.721534,16.84016538,0.048633186,917345.3813,0.048633186,0.527799813,96.5139714,,
10446.48725,19.42188982,0.205972624,292453.1154,0.205972624,0.835288462,65.74705005,,
470.4188928,4.547693255,0.509903273,606179.8536,0.509903273,0.692975559,63.96126904,,
7031.076758,12.70566722,0.336773182,785052.1972,0.336773182,0.988042389,24.76561624,,
18137.57464,22.90800166,0.473584282,42959.58549,0.473584282,0.10582999,54.85008735,,
10781.63674,11.33271931,0.505254168,707359.1667,0.505254168,0.052105278,9.814047386,,
18835.1573,19.26412967,0.144468711,774903.5445,0.144468711,0.05239709,65.60683468,,
5685.223112,2.937870773,0.26775972,510541.4849,0.26775972,0.476762672,54.25869679,,
767.3138742,10.77887025,0.717468961,280025.998,0.717468961,0.333835878,83.54806347,,
6840.832084,18.66167095,0.863206384,728327.1646,0.863206384,0.743327807,2.480550952,,
5953.265935,7.586272154,0.151308514,88600.76794,0.151308514,0.964134014,88.22256948,,
18571.17937,10.51918841,0.578075261,632983.6087,0.578075261,0.00587196,95.69287075,,
14232.58587,21.17654298,0.172756576,531531.1248,0.172756576,0.240644305,11.67923766,,
593.1528377,5.290842263,0.759004131,777990.6555,0.759004131,0.758269911,57.29716443,,
5795.96243,3.082243364,0.416033043,733218.905,0.416033043,0.87487105,10.70413916,,
18354.7422,7.442909948,0.660501219,719053.7384,0.660501219,0.390100808,4.145278526,,
4053.5031,8.721123927,0.911537411,663548.623,0.911537411,0.779838183,60.83934227,,
17457.81211,4.886094154,0.680234207,916712.6746,0.680234207,0.925592657,20.51529397,,
13905.6467,21.86677518,0.697080234,658578.4135,0.697080234,0.698514193,11.18283025,,
341.4051171,14.19596784,0.957506246,994550.1472,0.957506246,0.793192748,48.80010326,,
13904.6045,2.511584868,0.881527608,837879.9293,0.881527608,0.582084367,4.058870202,,