0.004730396,1.25E-05,1.17E-06,0.999988811,1.17E-06,1.12E-07,2.75E-05
0.061402308,0.000128347,2.57E-07,0.99811308,2.57E-07,4.88E-06,0.000140668
0.039385377,0.000113788,1.35E-05,0.999223707,1.35E-05,5.20E-06,0.000872756
0.128568228,7.30E-05,1.09E-05,0.991700462,1.09E-05,7.54E-06,0.000631447
0.024589203,7.55E-06,5.28E-07,0.999697633,5.28E-07,4.23E-07,0.000116695
0.006537327,1.44E-05,5.28E-07,0.999978619,5.28E-07,1.17E-06,0.000155766
0.017282451,6.85E-05,1.50E-06,0.999850639,1.50E-06,3.08E-06,0.00011135
0.093469778,0.000106379,6.29E-07,0.995622109,6.29E-07,1.98E-06,7.62E-05
0.041136996,4.18E-05,2.30E-06,0.999153474,2.30E-06,2.60E-06,0.000286605
0.031532722,2.58E-06,1.16E-06,0.999502715,1.16E-06,1.55E-06,9.73E-05
0.020683432,1.43E-05,5.96E-08,0.999786074,5.96E-08,1.01E-06,4.33E-05
0.03764942,7.86E-05,1.09E-06,0.999290986,1.09E-06,2.62E-07,0.000199639
0.019576137,2.84E-06,1.42E-07,0.999808368,1.42E-07,3.69E-07,4.66E-05
0.025263403,7.78E-06,1.14E-06,0.999680828,1.14E-06,1.63E-06,4.33E-05
0.013674445,1.83E-05,6.60E-07,0.999906498,6.60E-07,2.23E-07,6.02E-05
0.075838227,1.81E-05,4.38E-06,0.997120039,4.38E-06,1.04E-06,0.000436413
0.054736852,2.44E-05,3.49E-06,0.998500804,3.49E-06,2.35E-06,0.000144246
0.013118809,2.39E-05,3.65E-07,0.999913943,3.65E-07,1.19E-06,5.68E-05
0.032351309,3.31E-05,9.05E-07,0.999476548,9.05E-07,7.66E-07,0.000148303
0.019920139,6.94E-05,1.63E-07,0.999801557,1.63E-07,3.23E-06,0.000170575
0.014818469,3.49E-06,1.29E-06,0.99989019,1.29E-06,7.16E-07,0.000144843
0.027630277,8.73E-06,1.11E-06,0.99961821,1.11E-06,1.43E-06,3.33E-05
0.012750897,3.21E-06,1.02E-06,0.999918704,1.02E-06,8.35E-07,3.04E-05
0.005362716,3.57E-05,2.10E-06,0.99998562,2.10E-06,1.32E-06,1.90E-05
0.046600659,4.20E-05,2.05E-06,0.998913583,2.05E-06,1.78E-06,0.00017638
0.029444344,2.04E-05,7.52E-07,0.999566419,7.52E-07,1.10E-07,6.51E-05
0.06566239,3.34E-05,1.52E-05,0.99784065,1.52E-05,1.09E-05,0.001576585
0.002454685,1.32E-05,9.94E-07,0.999996985,9.94E-07,5.19E-07,5.83E-05
0.058664007,3.69E-06,7.01E-07,0.998277771,7.01E-07,3.66E-06,0.000164554
0.020280667,3.10E-06,5.68E-07,0.999794326,5.68E-07,3.10E-07,1.33E-05
0.025164785,3.25E-05,7.68E-07,0.999683316,7.68E-07,7.53E-07,4.80E-06
0.093125454,0.0001445,4.15E-06,0.995654359,4.15E-06,4.40E-06,0.000159578
0.033155002,2.71E-05,7.41E-07,0.999450221,7.41E-07,1.68E-06,3.04E-05
0.008635738,1.18E-05,9.56E-07,0.999962709,9.56E-07,1.22E-06,6.75E-05
0.04020537,4.58E-05,5.93E-07,0.999191429,5.93E-07,1.80E-06,0.000123193
0.802513876,0.000518886,3.33E-05,0.596632122,3.33E-05,3.55E-05,0.001147602
0.011810722,1.61E-05,5.59E-07,0.999930251,5.59E-07,8.50E-07,2.27E-05
0.096173118,0.000114577,4.64E-06,0.995364482,4.64E-06,3.44E-06,0.000516503
0.083840814,0.000322096,1.52E-05,0.996478409,1.52E-05,1.46E-05,0.00118063
0.035925876,2.36E-05,8.84E-08,0.999354439,8.84E-08,6.48E-07,0.00019133
0.002406928,1.70E-05,7.66E-07,0.999997092,7.66E-07,1.98E-06,0.000146541
0.012715137,2.92E-05,5.06E-07,0.999919157,5.06E-07,1.01E-06,5.73E-05
0.004527478,5.59E-06,8.05E-07,0.999989747,8.05E-07,3.36E-08,8.97E-05
0.019046144,2.95E-05,4.02E-07,0.99981858,4.02E-07,5.36E-07,0.000224892
0.018402786,1.91E-05,3.82E-07,0.999830644,3.82E-07,2.94E-08,0.000146298
0.001335814,1.52E-05,6.52E-08,0.999999106,6.52E-08,9.56E-07,6.19E-05
0.017015166,4.88E-06,5.37E-07,0.999855227,5.37E-07,1.18E-06,9.54E-05
0.012273918,1.74E-05,1.34E-07,0.999924665,1.34E-07,1.27E-06,0.000124458
0.04938045,7.33E-05,1.22E-07,0.998780039,1.22E-07,2.47E-06,2.10E-05
0.01854683,1.62E-05,6.50E-07,0.999827991,6.50E-07,7.18E-07,5.50E-05
0.023573283,2.01E-05,3.30E-07,0.999722111,3.30E-07,7.67E-07,2.61E-05
0.015611712,1.26E-05,1.23E-06,0.999878126,1.23E-06,1.01E-06,8.17E-05
0.001558368,0.000144449,8.19E-06,0.999998728,8.19E-06,7.22E-06,0.000308038
0.003585841,3.75E-05,2.38E-06,0.999993562,2.38E-06,5.32E-07,0.000131261
0.002830302,1.07E-05,2.79E-07,0.99999599,2.79E-07,9.97E-07,9.64E-05
0.025987167,5.05E-06,4.79E-07,0.99966227,4.79E-07,1.14E-06,0.000114774
0.005337229,1.59E-05,1.19E-06,0.999985752,1.19E-06,5.03E-07,9.43E-05
0.048174694,3.47E-05,2.22E-06,0.998838896,2.22E-06,1.04E-06,0.000240212
0.02051593,1.57E-05,3.66E-07,0.999789516,3.66E-07,1.31E-06,0.000144751
0.019324285,1.21E-06,5.07E-07,0.999813268,5.07E-07,6.52E-07,3.24E-05
0.031223775,0.000105486,2.23E-06,0.999512412,2.23E-06,3.11E-06,5.08E-05
0.010833909,0.00013215,3.45E-06,0.999941299,3.45E-06,1.03E-06,8.66E-05
0.096691149,0.000225802,1.57E-06,0.995314401,1.57E-06,8.93E-06,0.000117319
0.011339126,2.58E-05,1.06E-06,0.999935709,1.06E-06,1.02E-06,4.36E-05
0.019179842,7.06E-06,4.71E-07,0.999816041,4.71E-07,2.21E-06,0.000136468
0.020309676,2.39E-05,5.05E-07,0.999793731,5.05E-07,3.99E-07,0.000106857
0.14035392,4.85E-05,2.43E-07,0.990101269,2.43E-07,1.08E-05,0.000502495
0.072181518,3.43E-05,4.03E-06,0.997391505,4.03E-06,1.67E-06,0.00011585
0.000828031,2.25E-05,7.06E-07,0.999999655,7.06E-07,1.94E-07,5.41E-05
0.089502452,4.22E-05,3.43E-06,0.995986596,3.43E-06,3.48E-06,9.52E-05
0.068180025,4.61E-05,2.82E-06,0.997672941,2.82E-06,4.15E-06,0.000430869
0.057579038,7.62E-05,1.17E-07,0.998340848,1.17E-07,5.34E-06,0.000446793
0.002232498,1.72E-05,5.17E-07,0.999997507,5.17E-07,7.82E-07,3.93E-05
0.999958126,0.001113476,4.38E-05,0.007376781,4.38E-05,4.38E-05,0.005299451
0.007851382,4.44E-05,2.15E-06,0.999969176,2.15E-06,1.54E-06,1.53E-05
0.000802371,2.53E-05,4.72E-07,0.999999677,4.72E-07,5.90E-07,2.42E-05
0.024024548,2.54E-05,6.29E-07,0.999711369,6.29E-07,4.49E-08,1.01E-05
0.276154723,0.000232197,3.35E-06,0.961113162,3.35E-06,1.93E-05,7.22E-05
0.002762022,2.51E-05,1.27E-06,0.999996181,1.27E-06,1.20E-06,9.58E-05
0.032038881,1.98E-05,3.30E-07,0.999486622,3.30E-07,1.98E-06,5.27E-05
0.030837095,2.02E-05,3.48E-06,0.999524368,3.48E-06,3.33E-06,0.000332185
0.004468206,2.83E-06,1.27E-06,0.999990011,1.27E-06,1.38E-06,0.000116592
0.003961444,2.42E-05,8.20E-07,0.999992153,8.20E-07,9.36E-07,2.47E-06
0.005838966,1.12E-05,1.24E-06,0.99998295,1.24E-06,6.43E-07,7.27E-05
0.611964745,0.000574686,6.81E-05,0.790849627,6.81E-05,8.21E-07,0.007461883
0.002129574,3.27E-06,1.07E-06,0.999997729,1.07E-06,4.03E-07,8.78E-05
0.035086858,8.92E-06,9.10E-07,0.999384263,9.10E-07,1.27E-06,8.64E-05
0.013008846,2.34E-05,7.38E-08,0.99991538,7.38E-08,5.53E-07,4.29E-05
0.025627383,1.41E-05,1.10E-06,0.999671563,1.10E-06,2.98E-07,5.64E-05
0.002413859,2.48E-05,8.96E-07,0.999997086,8.96E-07,3.03E-07,2.23E-05
0.010590383,5.91E-05,6.75E-07,0.999943912,6.75E-07,1.38E-06,0.000114082
0.029635671,2.91E-05,1.58E-06,0.999560755,1.58E-06,1.34E-06,0.000149251
0.009541607,2.52E-05,1.05E-06,0.999954475,1.05E-06,6.41E-07,6.60E-05
0.349367756,0.00229609,0.000146597,0.936981342,0.000146597,0.000171324,0.001670847
0.126236464,9.12E-05,4.35E-06,0.991999956,4.35E-06,6.31E-07,0.000659
0.014460058,4.42E-06,1.37E-06,0.999895448,1.37E-06,7.95E-07,2.66E-05
0.167601099,0.000155152,5.52E-06,0.985854845,5.52E-06,1.38E-06,0.000267982
0.030767074,2.13E-05,2.37E-06,0.999526567,2.37E-06,2.56E-06,0.000169221
0.017323341,2.64E-05,1.72E-07,0.999849936,1.72E-07,7.69E-07,8.16E-05
0.00187822,4.90E-06,7.72E-07,0.999998235,7.72E-07,1.19E-06,4.08E-05
0.003490477,3.66E-05,1.17E-06,0.999993899,1.17E-06,1.73E-06,0.000134101
0.021751872,2.02E-05,9.55E-07,0.9997634,9.55E-07,6.86E-07,3.36E-06
0.013759059,2.56E-05,1.10E-06,0.999905336,1.10E-06,7.08E-07,8.17E-05
0.008726433,1.61E-06,1.03E-06,0.99996192,1.03E-06,1.08E-06,8.45E-05
0.078494825,3.55E-05,2.18E-06,0.99691446,2.18E-06,4.36E-06,0.000346976
0.061146378,4.95E-05,1.21E-06,0.998128789,1.21E-06,1.92E-06,0.000195421
0.044432473,4.01E-05,1.78E-07,0.999012368,1.78E-07,1.78E-06,0.000204367
0.022400169,3.59E-06,5.14E-07,0.999749083,5.14E-07,7.89E-07,6.15E-05
0.020892863,1.71E-05,3.98E-07,0.999781718,3.98E-07,3.87E-07,6.09E-05
0.00934857,7.93E-06,5.33E-07,0.9999563,5.33E-07,1.10E-06,5.00E-05
0.012454918,5.17E-05,1.03E-06,0.99992243,1.03E-06,1.13E-06,7.92E-05
0.023568456,2.98E-05,1.49E-07,0.999722223,1.49E-07,8.93E-07,5.53E-05
0.002338624,7.55E-06,1.42E-06,0.99999726,1.42E-06,7.36E-07,0.000102874
0.03846787,6.81E-05,2.54E-06,0.999259806,2.54E-06,1.00E-06,0.000240398
0.03467951,0.000162147,3.32E-06,0.999398335,3.32E-06,3.24E-06,0.0005225
0.020978142,3.18E-05,4.06E-07,0.999779928,4.06E-07,6.89E-07,0.000107593
0.023869852,5.34E-05,1.68E-06,0.999715054,1.68E-06,9.72E-07,0.000197388
0.019277226,2.41E-05,1.10E-06,0.999814173,1.10E-06,1.22E-06,8.46E-05
0.058192429,0.000171972,4.06E-06,0.998305208,4.06E-06,2.81E-06,0.000569227
0.003863092,2.78E-05,1.05E-06,0.999992532,1.05E-06,1.79E-06,0.000110423
0.004738226,1.88E-05,9.05E-07,0.999988768,9.05E-07,8.93E-07,0.000108506
0.018790123,4.16E-05,1.78E-06,0.999823449,1.78E-06,2.16E-06,3.00E-06
0.021291721,1.27E-05,1.75E-06,0.999773304,1.75E-06,2.03E-07,5.53E-05
0.03861664,2.79E-05,1.67E-06,0.999254055,1.67E-06,2.79E-07,0.000295926
0.275898886,0.000464936,1.56E-05,0.961184433,1.56E-05,7.68E-06,0.002018429
0.024568852,4.24E-05,4.77E-07,0.999698137,4.77E-07,2.46E-06,7.03E-05
0.029656277,1.66E-06,2.16E-07,0.999560156,2.16E-07,9.29E-07,5.14E-07
0.02177848,1.52E-05,3.62E-06,0.999762788,3.62E-06,1.52E-07,0.000254143
0.023104887,5.41E-05,2.03E-07,0.999733,2.03E-07,1.72E-06,0.000300984
0.043193626,0.000146075,1.60E-06,0.999066636,1.60E-06,2.64E-06,0.000381116
0.006458061,2.01E-06,3.62E-07,0.999979145,3.62E-07,4.23E-07,5.50E-05
0.006982019,3.20E-05,9.00E-07,0.999975622,9.00E-07,7.93E-07,7.73E-05
0.006726374,2.68E-05,1.37E-06,0.999977373,1.37E-06,1.00E-06,9.62E-05
0.010511766,3.14E-05,5.93E-07,0.999944697,5.93E-07,1.40E-06,0.000322925
0.014506812,2.84E-05,6.63E-07,0.999894769,6.63E-07,3.16E-07,5.72E-05
0.023190707,4.22E-05,2.11E-06,0.999731046,2.11E-06,7.39E-07,0.000160093
0.030842102,0.000131935,1.15E-06,0.999524248,1.15E-06,5.74E-07,0.000155282
0.027395352,4.14E-05,1.37E-06,0.999624635,1.37E-06,1.24E-06,0.000287818
0.089108881,8.84E-05,3.12E-06,0.99602183,3.12E-06,4.99E-06,0.000337155
0.066020285,5.92E-05,1.53E-06,0.997818279,1.53E-06,4.09E-06,6.76E-06
0.036965542,3.70E-05,1.54E-06,0.999316533,1.54E-06,2.88E-07,0.000118316
0.37241358,0.000321877,2.84E-06,0.928065583,2.84E-06,1.70E-05,0.001514904
0.002540522,4.07E-06,5.57E-07,0.999996766,5.57E-07,1.63E-07,0.000116997
0.135382278,0.000161023,1.16E-06,0.990793388,1.16E-06,6.62E-06,0.000273203
0.037726293,3.45E-05,7.77E-07,0.999288107,7.77E-07,4.32E-07,7.62E-05
0.991974314,0.000478462,7.18E-05,0.12631394,7.18E-05,3.51E-05,0.005613155
0.052591103,2.07E-05,1.52E-06,0.998616113,1.52E-06,2.34E-06,0.000183851
0.014609028,3.48E-06,5.45E-07,0.999893281,5.45E-07,5.79E-07,5.85E-05
0.219051671,0.000103856,1.08E-05,0.975712923,1.08E-05,8.54E-06,0.000803843
0.006637324,2.35E-05,6.37E-07,0.99997797,6.37E-07,8.71E-07,7.16E-05
0.00194207,4.46E-05,3.61E-07,0.999998108,3.61E-07,9.56E-07,0.000103392
0.018587843,2.10E-05,1.59E-06,0.999827231,1.59E-06,1.05E-07,5.98E-06
0.002058746,2.75E-05,2.84E-06,0.999997863,2.84E-06,2.91E-06,0.000184123
0.029812552,5.73E-05,2.02E-07,0.999555459,2.02E-07,5.73E-07,0.000306194
0.005182696,8.67E-05,1.88E-07,0.999986516,1.88E-07,1.47E-06,0.000314746
0.104642364,0.0001577,1.63E-05,0.994508799,1.63E-05,1.42E-05,0.001482643
0.001569441,1.04E-05,2.47E-07,0.999998761,2.47E-07,3.12E-07,0.000122672
0.005549295,3.29E-05,6.58E-07,0.999984601,6.58E-07,5.76E-07,4.97E-05
0.015076629,5.36E-05,1.02E-06,0.999886336,1.02E-06,2.29E-06,9.01E-05
0.007649267,5.89E-05,3.65E-06,0.999970706,3.65E-06,8.24E-07,0.000269273
0.028475975,7.67E-05,2.68E-06,0.999594454,2.68E-06,3.79E-06,0.000199823
0.022334561,4.87E-05,1.72E-06,0.999750547,1.72E-06,1.34E-06,8.92E-05
0.030963489,3.28E-05,1.05E-06,0.99952051,1.05E-06,1.97E-06,0.00010517
0.133566394,2.70E-05,6.49E-06,0.991039714,6.49E-06,2.57E-06,0.000549744
0.01168768,2.54E-05,4.20E-07,0.999931692,4.20E-07,7.07E-07,9.62E-05
0.002493507,1.25E-05,6.45E-07,0.999996889,6.45E-07,6.45E-07,6.81E-05
0.008695386,2.56E-05,5.88E-07,0.999962189,5.88E-07,1.05E-07,9.60E-05
0.001849159,2.71E-05,1.69E-07,0.99999829,1.69E-07,5.53E-07,1.52E-05
0.010928524,2.68E-05,1.05E-06,0.999940276,1.05E-06,6.50E-07,0.000103636
0.024552866,4.13E-05,4.13E-07,0.999698529,4.13E-07,2.27E-07,7.85E-05
0.01821511,1.69E-05,1.48E-07,0.999834086,1.48E-07,6.54E-07,0.000104286
0.013998324,2.05E-05,1.01E-06,0.999902017,1.01E-06,9.48E-07,5.15E-05
0.116834501,0.00012893,6.56E-06,0.993150868,6.56E-06,8.09E-06,0.001018081
0.013085658,2.22E-05,2.86E-07,0.999914379,2.86E-07,2.12E-07,2.04E-05
0.0390485,1.65E-05,1.01E-06,0.999237306,1.01E-06,1.03E-06,0.000141188
0.031114606,3.99E-05,3.59E-07,0.999515805,3.59E-07,5.98E-07,0.000186397
0.011112141,3.50E-05,7.44E-07,0.999938245,7.44E-07,1.09E-06,0.000158678
0.005827905,1.37E-05,8.32E-07,0.999983014,8.32E-07,5.27E-08,8.60E-05
0.006610854,7.28E-06,1.82E-07,0.999978147,1.82E-07,2.37E-07,3.39E-05
0.008893962,7.70E-06,3.85E-08,0.999960447,3.85E-08,5.14E-07,4.82E-05
0.024742975,3.66E-05,8.04E-07,0.999693834,8.04E-07,1.79E-06,0.000151883
0.079127668,1.61E-05,1.89E-06,0.996864483,1.89E-06,4.02E-08,0.000117064
0.018221425,1.77E-05,1.02E-06,0.999833975,1.02E-06,1.99E-07,3.24E-05
0.0491636,2.71E-05,7.32E-07,0.998790713,7.32E-07,5.42E-08,0.0002285
0.030065964,1.85E-06,9.82E-07,0.999547901,9.82E-07,1.17E-06,0.000178384
0.003385004,5.24E-05,1.09E-06,0.999994268,1.09E-06,2.10E-06,5.65E-05
0.004558501,1.91E-05,1.91E-07,0.999989607,1.91E-07,1.67E-07,7.80E-05
0.020082006,2.77E-06,5.82E-07,0.999798334,5.82E-07,1.37E-06,7.28E-05
0.024367096,7.96E-06,1.23E-06,0.999703063,1.23E-06,1.15E-06,0.000176941
0.017507254,4.01E-06,1.30E-07,0.999846736,1.30E-07,1.00E-08,1.65E-05
0.018128243,3.09E-05,9.91E-07,0.999835658,9.91E-07,1.62E-07,0.00015259
0.110567377,0.000152053,5.20E-06,0.993868617,5.20E-06,5.13E-06,6.86E-05
0.107604944,9.11E-05,2.28E-06,0.994193447,2.28E-06,6.38E-07,0.000746962
0.029889555,6.87E-05,1.63E-06,0.999553203,1.63E-06,9.16E-07,6.11E-05
0.01460267,4.03E-05,7.33E-07,0.99989336,7.33E-07,2.38E-07,0.000172823
0.011231941,4.43E-05,7.81E-07,0.999936901,7.81E-07,1.92E-06,0.000188499
0.026810359,9.68E-06,1.26E-06,0.999640527,1.26E-06,2.42E-06,0.000146517
0.005265588,7.41E-06,1.30E-06,0.999986128,1.30E-06,1.22E-06,0.000129985
0.016429144,1.26E-05,5.87E-07,0.999865026,5.87E-07,0,0.00011642
0.034450104,2.70E-05,7.07E-07,0.999406418,7.07E-07,1.35E-06,4.22E-05
0.085579539,1.25E-05,4.18E-06,0.996331324,4.18E-06,6.24E-08,0.000185908
0.005753762,1.07E-05,2.84E-07,0.999983443,2.84E-07,2.72E-07,8.67E-05
0.082917394,5.00E-05,3.05E-06,0.996556419,3.05E-06,3.50E-07,8.00E-05
0.002842878,8.94E-05,4.92E-07,0.999995928,4.92E-07,3.00E-06,0.000234197
0.019342197,2.77E-05,7.69E-08,0.99981292,7.69E-08,8.77E-07,5.90E-05
0.001782554,7.96E-06,4.85E-06,0.999998359,4.85E-06,1.75E-06,0.000322958
0.011268782,3.85E-05,3.16E-06,0.999936479,3.16E-06,1.67E-06,0.000225066
0.075848147,0.000299582,1.33E-05,0.997119316,1.33E-05,6.26E-06,0.000193367
0.009206469,0.000113497,5.97E-07,0.999957539,5.97E-07,2.57E-06,0.000385472
0.024020474,9.38E-06,7.11E-07,0.999711466,7.11E-07,6.84E-07,4.86E-05
0.003739669,1.02E-06,5.82E-07,0.999993007,5.82E-07,5.72E-07,9.93E-06
0.079254873,9.01E-05,6.36E-07,0.996854261,6.36E-07,3.18E-07,0.000488965
0.015825664,1.21E-05,3.76E-07,0.99987476,3.76E-07,9.46E-07,0.000113175
0.0213344,4.31E-05,9.51E-07,0.999772395,9.51E-07,9.69E-07,1.79E-08
0.014648471,6.85E-05,2.57E-07,0.999892549,2.57E-07,2.83E-06,0.000554934
0.01850884,1.45E-05,9.90E-07,0.999828695,9.90E-07,7.49E-07,6.53E-05
0.007114171,6.67E-05,8.79E-07,0.999974648,8.79E-07,2.46E-06,0.00029695
0.031107719,6.61E-05,3.45E-06,0.999516009,3.45E-06,1.04E-07,0.00023125
0.017400046,2.15E-05,5.45E-07,0.999848598,5.45E-07,1.13E-06,0.000141241
0.004787759,1.43E-05,4.85E-07,0.999988534,4.85E-07,7.82E-07,9.67E-05
0.025993061,1.96E-05,7.55E-07,0.999662122,7.55E-07,2.87E-07,4.30E-05
0.023243489,1.61E-05,6.86E-07,0.999729827,6.86E-07,5.25E-07,0.000113324
0.016948543,9.73E-06,1.82E-07,0.999856363,1.82E-07,4.86E-07,4.04E-06
0.165194501,2.92E-05,4.97E-06,0.98626093,4.97E-06,4.53E-06,0.00039134
0.04883007,8.02E-06,2.41E-07,0.9988071,2.41E-07,1.79E-06,3.29E-05
0.017622768,2.24E-05,3.31E-07,0.999844706,3.31E-07,1.10E-06,3.54E-05
0.009888631,1.09E-06,9.28E-07,0.999951106,9.28E-07,4.47E-07,1.53E-05
0.021499324,2.77E-05,6.31E-08,0.999768862,6.31E-08,4.79E-07,1.89E-05
0.012411145,1.89E-05,8.98E-07,0.999922959,8.98E-07,8.75E-07,0.000200238
0.158676486,0.000198608,1.25E-06,0.987330577,1.25E-06,3.45E-06,0.000256831
0.00444636,6.56E-06,3.50E-07,0.999990114,3.50E-07,1.31E-07,3.76E-05
0.0984897,8.49E-05,1.39E-06,0.995137976,1.39E-06,1.15E-06,0.000424661
0.002008399,4.75E-06,9.50E-07,0.999997982,9.50E-07,5.11E-07,5.44E-05
0.042453781,5.05E-05,1.04E-06,0.99909841,1.04E-06,1.99E-06,0.000201306
0.071021301,9.36E-05,2.99E-06,0.99747473,2.99E-06,6.69E-07,0.000358503
0.031180748,4.96E-06,1.54E-06,0.999513757,1.54E-06,9.26E-07,0.000105141
0.011982641,4.56E-05,1.24E-07,0.999928197,1.24E-07,1.45E-06,0.000125811
0.012056422,3.22E-05,8.77E-08,0.999927318,8.77E-08,5.99E-07,1.24E-05
0.002949538,7.59E-06,7.37E-07,0.999995649,7.37E-07,9.75E-08,3.99E-05
0.021051062,1.13E-05,1.07E-06,0.999778384,1.07E-06,7.54E-07,0.000187348
0.010911309,4.06E-05,1.00E-06,0.999940467,1.00E-06,9.47E-07,5.78E-05
0.01384523,1.74E-05,1.01E-06,0.999904146,1.01E-06,2.40E-07,8.47E-05
0.172191932,3.52E-05,6.25E-06,0.985063388,6.25E-06,3.87E-06,0.000242041
0.020564605,5.51E-06,5.84E-07,0.999788522,5.84E-07,4.41E-07,8.56E-05
0.006913121,4.38E-05,9.67E-07,0.999976095,9.67E-07,4.01E-07,0.00012507
0.01865031,1.83E-05,6.87E-07,0.999826068,6.87E-07,8.13E-07,1.54E-05
0.104880054,4.59E-05,9.18E-07,0.994484809,9.18E-07,1.64E-06,0.000368998
0.008358192,2.58E-05,8.54E-07,0.999965069,8.54E-07,1.79E-07,3.74E-05
0.037915124,6.03E-05,3.79E-06,0.999280907,3.79E-06,6.97E-06,0.000329253
0.022739368,0.000107662,4.82E-06,0.999741364,4.82E-06,4.59E-06,0.00033874
0.024523393,2.67E-05,4.45E-08,0.999699246,4.45E-08,9.13E-07,0.000142656
0.00540874,1.04E-06,1.77E-07,0.999985368,1.77E-07,1.04E-07,9.40E-05
0.059581133,8.72E-05,6.26E-06,0.998223458,6.26E-06,1.82E-06,9.69E-05
0.182744978,0.000109851,3.99E-07,0.983159959,3.99E-07,3.70E-06,0.000869524
0.007092526,2.24E-05,8.13E-08,0.999974847,8.13E-08,9.76E-07,8.97E-06
0.03458828,3.18E-05,1.77E-06,0.999401636,1.77E-06,8.15E-07,0.000141669
0.015156708,7.81E-05,3.32E-06,0.999885071,3.32E-06,5.14E-06,0.000336256
0.00959782,2.86E-05,9.40E-07,0.999953939,9.40E-07,1.17E-06,2.06E-05
0.044222825,4.03E-05,1.52E-06,0.999021688,1.52E-06,1.19E-06,8.82E-05
0.019396764,8.27E-06,1.26E-06,0.999811857,1.26E-06,9.42E-07,0.000127874
0.035002101,3.64E-05,5.72E-07,0.999387237,5.72E-07,2.47E-06,3.30E-05
0.029205072,3.43E-05,6.63E-07,0.999573439,6.63E-07,9.83E-07,5.77E-05
0.041166285,8.45E-06,1.52E-06,0.999152286,1.52E-06,1.61E-06,0.000216881
0.08552592,5.99E-05,3.55E-06,0.996335923,3.55E-06,4.28E-08,0.000204048
0.044341117,2.07E-05,5.32E-07,0.999016424,5.32E-07,1.03E-06,0.000220292
0.013341802,1.13E-05,1.02E-06,0.999910994,1.02E-06,5.97E-07,3.40E-05
0.003486918,1.25E-05,3.13E-07,0.999993902,3.13E-07,4.18E-08,0.000191398
0.033412794,3.29E-05,8.23E-08,0.999441628,8.23E-08,8.23E-08,0.000130519
0.015300849,1.74E-05,5.72E-07,0.999882934,5.72E-07,1.13E-06,5.33E-05
0.000791561,7.22E-05,2.05E-06,0.999999639,2.05E-06,1.41E-06,0.000299954
0.003870127,1.84E-05,1.51E-07,0.999992511,1.51E-07,4.68E-07,2.07E-05
0.011027683,3.28E-05,1.92E-06,0.999939176,1.92E-06,1.24E-06,0.000182281
0.012247514,1.69E-05,1.11E-06,0.999924995,1.11E-06,7.67E-07,5.61E-05
0.015563463,7.11E-06,3.05E-08,0.999878879,3.05E-08,8.13E-07,8.03E-05
0.016753652,3.24E-05,1.37E-06,0.999859644,1.37E-06,4.12E-07,8.12E-05
0.017848761,2.97E-05,5.19E-07,0.999840691,5.19E-07,5.93E-07,0.000114399
0.065737912,7.88E-05,4.10E-06,0.997836899,4.10E-06,1.70E-06,0.000206914
0.018078637,1.31E-05,6.57E-07,0.999836559,6.57E-07,3.28E-07,0.000135381
0.029051955,5.05E-06,1.29E-06,0.999577873,1.29E-06,2.17E-06,0.00024489
0.009988643,2.22E-05,1.16E-06,0.999950104,1.16E-06,8.61E-07,0.000129891
0.020097433,1.59E-05,4.09E-07,0.999798024,4.09E-07,1.06E-06,6.51E-05
0.051230471,7.87E-05,2.30E-06,0.998686844,2.30E-06,5.25E-07,0.000141213
0.011649124,1.93E-05,6.80E-07,0.999932146,6.80E-07,1.93E-07,3.50E-05
0.022139195,1.21E-06,5.57E-07,0.999754895,5.57E-07,3.27E-07,7.33E-05
0.01919208,2.16E-05,1.84E-07,0.999815813,1.84E-07,4.86E-07,5.79E-05
0.024475214,8.41E-06,1.26E-06,0.999700434,1.26E-06,1.26E-06,8.10E-05
0.058895919,1.90E-05,2.53E-07,0.998264112,2.53E-07,6.34E-08,0.000181344
0.003626516,2.21E-05,1.51E-06,0.99999342,1.51E-06,7.99E-07,8.84E-05
0.020499945,2.48E-05,5.12E-07,0.999789852,5.12E-07,9.62E-07,5.31E-05
0.024695233,8.70E-06,1.23E-06,0.999695023,1.23E-06,5.72E-07,8.37E-05
0.063058142,8.87E-05,4.81E-07,0.998009841,4.81E-07,4.81E-07,0.000142653
0.090560996,0.000227102,9.48E-06,0.995890832,9.48E-06,2.67E-06,0.000324953
0.008043163,1.47E-05,1.14E-06,0.999967618,1.14E-06,1.84E-07,0.000265314
0.00609909,5.24E-06,2.83E-07,0.999981399,2.83E-07,8.27E-07,4.62E-05
0.015283122,1.47E-05,2.27E-07,0.999883202,2.27E-07,1.10E-06,9.12E-05
0.022837065,2.36E-05,8.14E-07,0.999739196,8.14E-07,7.09E-07,9.34E-05
0.088621059,0.000214402,3.06E-05,0.996059628,3.06E-05,4.98E-05,0.003387557
0.024991723,4.38E-05,5.98E-07,0.999687655,5.98E-07,9.16E-07,6.87E-05
0.007411146,1.96E-05,6.73E-07,0.999972536,6.73E-07,5.61E-08,4.87E-05
0.031805469,2.43E-05,4.52E-07,0.999494077,4.52E-07,1.58E-06,2.56E-05
0.043814879,4.69E-05,2.11E-07,0.999039666,2.11E-07,3.75E-07,1.90E-05
0.011189293,1.94E-05,1.59E-06,0.999937389,1.59E-06,4.66E-07,0.000133809
0.232581017,0.00058481,6.04E-05,0.972539577,6.04E-05,0.000150101,0.008512889
0.028059781,1.63E-05,1.47E-06,0.999606246,1.47E-06,8.44E-07,4.15E-05
0.022193731,8.01E-05,1.80E-06,0.999753676,1.80E-06,4.51E-07,0.000140726
0.029423691,4.41E-05,7.57E-07,0.999567025,7.57E-07,2.10E-08,8.93E-05
0.01797299,3.23E-05,1.18E-06,0.999838472,1.18E-06,5.62E-07,2.12E-05
0.012552244,2.46E-05,6.31E-07,0.999921213,6.31E-07,2.67E-07,8.77E-05
0.515494868,0.000135812,4.89E-06,0.856889607,4.89E-06,1.60E-05,0.002285437
0.034444451,5.52E-06,1.45E-06,0.9994066,1.45E-06,6.26E-07,0.000165778
0.60841096,0.00028239,3.58E-05,0.793611026,3.58E-05,1.22E-05,0.004190673
0.030450572,3.90E-05,2.19E-06,0.999536199,2.19E-06,8.28E-07,0.000383839
0.428076885,0.000130288,2.02E-05,0.90374231,2.02E-05,7.38E-06,1.32E-05
0.04073604,3.67E-05,2.11E-06,0.999169935,2.11E-06,5.18E-07,0.0001172
0.026735083,7.01E-06,2.24E-07,0.999642552,2.24E-07,1.12E-06,6.27E-05
0.109617502,0.0002346,9.64E-06,0.993972951,9.64E-06,0,0.001311673
0.014962566,1.62E-05,4.97E-07,0.999888051,4.97E-07,7.86E-07,8.30E-05
0.004172437,1.88E-05,1.55E-07,0.999991295,1.55E-07,7.53E-07,1.18E-05
0.141152053,0.000114582,6.02E-06,0.989987917,6.02E-06,9.31E-06,9.85E-05
0.014988443,5.47E-06,2.05E-07,0.999887664,2.05E-07,6.15E-07,8.16E-05
0.313838106,7.47E-05,8.40E-06,0.949476136,8.40E-06,1.62E-05,0.000839442
0.012932129,5.70E-05,1.51E-06,0.999916374,1.51E-06,2.06E-06,3.19E-05
0.012024762,2.30E-05,4.23E-07,0.999927693,4.23E-07,1.04E-06,0.000114862
0.020839386,2.64E-06,9.24E-08,0.999782836,9.24E-08,1.02E-06,5.52E-06
0.020128565,3.39E-05,1.82E-06,0.999797372,1.82E-06,2.37E-06,0.000232792
0.265498015,0.000135379,1.62E-05,0.964110767,1.62E-05,1.47E-05,0.001101598
0.002073198,2.79E-05,1.44E-06,0.99999785,1.44E-06,2.79E-07,2.43E-05
0.032690611,2.06E-05,1.54E-06,0.999465499,1.54E-06,2.78E-06,0.000201553
0.001393931,3.71E-05,1.07E-06,0.999998991,1.07E-06,4.17E-07,0.000269729
0.001113964,1.48E-06,2.08E-07,0.999999378,2.08E-07,1.48E-06,6.16E-05
0.01752768,2.84E-05,1.15E-06,0.999846377,1.15E-06,8.70E-07,3.86E-05
0.002848082,1.68E-05,5.79E-07,0.999995936,5.79E-07,4.48E-07,0.000127341
0.025796981,1.96E-05,7.86E-07,0.999667199,7.86E-07,1.18E-07,7.68E-05
0.072724241,0.000109582,2.45E-06,0.997352038,2.45E-06,2.26E-06,0.000290715
0.013038608,1.63E-05,4.47E-07,0.999914991,4.47E-07,1.53E-07,6.66E-05
0.051899163,2.36E-05,1.71E-06,0.99865233,1.71E-06,1.50E-06,3.12E-05
0.018327129,2.05E-05,3.90E-07,0.999832044,3.90E-07,2.36E-07,2.62E-05
0.060321657,2.05E-05,1.88E-06,0.998178978,1.88E-06,1.61E-06,0.000158916
0.009666079,4.69E-05,1.96E-06,0.999953244,1.96E-06,2.26E-06,0.000272594
0.023796214,2.77E-05,1.14E-06,0.999716829,1.14E-06,3.97E-07,2.97E-05
0.053944541,4.60E-05,2.34E-06,0.998543905,2.34E-06,1.97E-06,0.000233835
0.0331613,8.60E-05,6.57E-06,0.999450004,6.57E-06,5.16E-06,0.000103935
0.071561134,9.80E-06,3.43E-06,0.9974361,3.43E-06,4.41E-07,0.000479809
0.006373821,6.14E-06,1.07E-06,0.999979685,1.07E-06,1.60E-07,6.18E-05
0.02946672,1.21E-05,1.40E-06,0.999565761,1.40E-06,1.00E-06,2.69E-05
0.033881285,4.50E-05,6.45E-07,0.999425859,6.45E-07,1.35E-06,9.82E-05
0.607852266,0.000589861,1.54E-05,0.794043721,1.54E-05,4.49E-05,0.003137153
0.011439135,3.28E-06,2.84E-07,0.999934567,2.84E-07,4.59E-07,8.75E-05
0.016720362,2.69E-05,8.26E-07,0.999860204,8.26E-07,1.84E-06,2.60E-05
0.001425643,1.16E-05,7.75E-08,0.999998981,7.75E-08,1.01E-06,7.21E-05
0.016338155,4.67E-06,1.15E-06,0.999866523,1.15E-06,9.35E-08,1.18E-05
0.033041967,1.86E-05,1.38E-06,0.999453945,1.38E-06,3.93E-07,0.000200528
0.081227369,0.000133015,7.00E-06,0.996695511,7.00E-06,7.70E-07,0.000394285
0.018667786,2.55E-05,1.25E-06,0.999825739,1.25E-06,7.80E-07,7.46E-05
0.017196651,7.46E-06,6.09E-07,0.999852125,6.09E-07,1.12E-06,6.38E-05
0.017591937,5.68E-05,2.24E-06,0.999845217,2.24E-06,1.60E-06,0.000249863
0.025392642,2.98E-05,1.19E-06,0.999677536,1.19E-06,1.58E-06,0.000194326
0.018472386,1.10E-05,1.64E-06,0.99982937,1.64E-06,2.57E-07,3.83E-05
0.000824474,2.83E-05,8.97E-07,0.999999659,8.97E-07,1.46E-06,3.01E-05
0.015200462,3.26E-05,1.42E-06,0.999884452,1.42E-06,4.45E-07,0.000163554
0.013948908,1.35E-05,8.61E-07,0.999902709,8.61E-07,9.79E-07,1.85E-05
0.001952185,3.34E-05,1.14E-06,0.999998066,1.14E-06,7.24E-07,0.000237217
0.019530575,8.82E-06,4.66E-07,0.99980926,4.66E-07,9.07E-07,2.92E-05
0.065488159,0.000281063,6.56E-06,0.997853106,6.56E-06,1.34E-07,0.000632391
0.168398519,0.000232432,9.30E-06,0.985718968,9.30E-06,1.63E-06,1.67E-05
0.018345384,6.00E-05,2.86E-08,0.999831705,2.86E-08,1.31E-06,6.72E-05
0.005930891,2.74E-05,8.45E-07,0.99998241,8.45E-07,5.59E-07,6.40E-05
0.026219954,5.54E-06,5.12E-07,0.999656198,5.12E-07,7.06E-07,1.18E-05
0.013911574,3.45E-05,6.90E-07,0.999903223,6.90E-07,1.01E-06,0.000111337
0.02281183,3.18E-06,1.43E-07,0.999739773,1.43E-07,1.42E-06,7.70E-05
0.01536666,2.84E-05,8.78E-07,0.999881924,8.78E-07,9.89E-08,4.52E-05
0.020613053,2.23E-06,1.01E-06,0.999787527,1.01E-06,3.56E-07,4.88E-05
0.015644087,2.39E-05,7.06E-07,0.999877622,7.06E-07,6.04E-07,5.49E-05
0.002949201,3.94E-05,1.43E-07,0.999995627,1.43E-07,2.72E-06,0.000217424
0.087759207,2.04E-05,3.60E-06,0.996141703,3.60E-06,6.12E-06,0.000169458
0.012528952,1.57E-05,1.15E-06,0.999921507,1.15E-06,6.51E-07,7.24E-05
0.383482523,0.000633756,3.01E-05,0.923540778,3.01E-05,1.74E-05,0.003630629
0.001699514,7.71E-06,9.77E-07,0.999998553,9.77E-07,8.23E-07,7.30E-05
0.018165664,0.00016918,7.78E-06,0.999834751,7.78E-06,9.14E-06,0.000671812
0.052127729,7.46E-05,1.15E-06,0.9986404,1.15E-06,8.81E-07,0.000214779
0.403024076,0.00021909,1.19E-05,0.915189247,1.19E-05,1.48E-05,0.000434286
0.011812627,8.38E-06,4.91E-07,0.999930226,4.91E-07,1.05E-06,6.86E-05
0.010160908,2.52E-05,8.41E-08,0.999948376,8.41E-08,2.63E-07,4.72E-06
0.022205918,4.39E-05,3.29E-06,0.999753377,3.29E-06,9.33E-07,0.000283621
0.001556476,1.24E-05,9.93E-07,0.999998783,9.93E-07,9.14E-07,0.000107418
0.002049062,8.09E-06,1.85E-07,0.999997901,1.85E-07,6.24E-07,5.13E-06
0.030888872,1.65E-05,9.91E-07,0.999522824,9.91E-07,9.08E-07,2.82E-05
0.000836445,1.67E-05,8.70E-07,0.999999646,8.70E-07,4.29E-07,9.11E-05
0.032550097,2.76E-05,9.12E-07,0.999470102,9.12E-07,1.36E-06,6.81E-05
0.001445246,5.61E-05,2.36E-06,0.999998838,2.36E-06,1.52E-06,0.000481861
0.003395923,2.11E-05,1.58E-07,0.999994233,1.58E-07,5.00E-07,1.88E-05
0.057025051,5.19E-05,3.36E-06,0.998372723,3.36E-06,1.38E-07,0.000217175
0.010595325,9.10E-06,1.14E-06,0.999943866,1.14E-06,2.09E-06,5.44E-05
0.008132928,3.50E-05,1.45E-06,0.999966921,1.45E-06,1.19E-06,0.000104705
0.00582569,1.56E-05,4.06E-07,0.999983028,4.06E-07,8.22E-07,7.18E-05
0.000368283,1.65E-05,8.08E-07,0.999999931,8.08E-07,1.22E-06,3.66E-05
0.012288166,1.37E-05,6.10E-07,0.99992449,6.10E-07,1.37E-07,0.000118986
0.028038052,5.41E-05,3.50E-06,0.999606836,3.50E-06,9.02E-07,0.000196863
0.038206378,4.48E-05,1.07E-06,0.999269859,1.07E-06,1.19E-06,0.000142475
0.000870892,5.51E-06,4.19E-07,0.999999621,4.19E-07,4.74E-07,1.50E-05
0.003044869,1.22E-05,1.11E-08,0.999995364,1.11E-08,6.33E-07,1.92E-05
0.0140832,2.71E-05,1.30E-06,0.999900824,1.30E-06,1.77E-06,7.52E-05
0.001160129,2.42E-05,6.85E-07,0.999999322,6.85E-07,5.04E-07,9.53E-05
0.008441012,2.03E-06,6.70E-07,0.999964374,6.70E-07,8.42E-07,1.73E-05
0.034348411,2.28E-06,1.16E-06,0.999409916,1.16E-06,7.76E-07,7.42E-05
0.06437848,8.94E-05,3.13E-06,0.997925458,3.13E-06,3.57E-06,0.000427467
0.007360869,2.87E-06,4.17E-07,0.999972903,4.17E-07,8.33E-07,0.000102627
0.027895304,2.84E-06,9.95E-08,0.99961085,9.95E-08,8.10E-07,3.22E-05
0.015994039,4.46E-05,1.09E-06,0.999872076,1.09E-06,6.69E-07,0.000142384
0.025181236,3.09E-05,7.04E-07,0.999682902,7.04E-07,1.13E-06,1.52E-05
0.000637359,3.99E-05,3.77E-07,0.999999782,3.77E-07,1.99E-06,0.000168543
0.008126618,1.25E-05,1.38E-06,0.999966972,1.38E-06,1.38E-06,0.00010901
0.012110433,5.25E-06,7.62E-07,0.999926665,7.62E-07,2.10E-07,5.14E-05
0.03410894,6.35E-05,6.35E-07,0.999418074,6.35E-07,1.99E-06,0.000298312
0.909526378,0.000485753,3.02E-05,0.415642788,3.02E-05,9.18E-06,0.00161324
0.026355584,2.68E-06,2.46E-06,0.999652631,2.46E-06,7.50E-07,2.75E-05
0.018657108,3.18E-05,3.85E-07,0.99982594,3.85E-07,1.86E-07,3.19E-05
0.037522647,3.92E-05,8.81E-07,0.99929577,8.81E-07,3.13E-07,0.000117049
0.001761061,1.71E-05,2.47E-07,0.999998437,2.47E-07,7.22E-07,0.000158145
0.01632183,5.19E-06,0,0.99986679,0,1.71E-06,3.08E-05
0.030760977,3.32E-06,1.21E-06,0.99952676,1.21E-06,4.99E-07,0.000135127
0.05693244,1.89E-05,2.88E-06,0.998378033,2.88E-06,4.25E-06,2.53E-05
0.013098316,2.32E-05,4.10E-07,0.999914207,4.10E-07,7.31E-07,0.000107892
0.016547032,2.05E-05,1.71E-06,0.999863066,1.71E-06,5.02E-07,0.000211503
0.047398015,1.38E-05,2.41E-07,0.998876041,2.41E-07,4.14E-07,0.000286824
0.018722434,3.62E-05,9.94E-07,0.999824719,9.94E-07,1.06E-06,2.15E-06
0.030470511,1.21E-05,1.27E-06,0.999535656,1.27E-06,1.05E-06,0.000145631
0.020231566,2.86E-05,1.50E-06,0.999795318,1.50E-06,2.64E-07,7.74E-05
0.003682261,3.05E-05,9.31E-07,0.999993219,9.31E-07,2.03E-07,4.17E-05
0.008167426,6.72E-05,2.99E-06,0.999966642,2.99E-06,3.06E-06,5.53E-05
0.289904889,3.12E-05,2.69E-05,0.957051513,2.69E-05,1.12E-05,0.002748529
0.047007389,6.23E-05,1.30E-06,0.998894518,1.30E-06,2.47E-06,0.000210212
0.008366611,8.70E-06,8.70E-08,0.99996499,8.70E-08,1.32E-06,0.000137775
0.104251772,0.000112797,4.40E-06,0.994550928,4.40E-06,2.93E-06,7.78E-05
0.011705713,2.85E-06,1.07E-06,0.999931483,1.07E-06,8.27E-07,7.49E-05
0.052367319,3.66E-05,3.20E-07,0.998627885,3.20E-07,4.44E-06,9.95E-05
0.009014827,5.36E-05,1.69E-06,0.999959353,1.69E-06,2.95E-07,0.000150882
0.011239735,7.91E-06,3.50E-07,0.999936832,3.50E-07,7.12E-07,1.19E-06
0.002321338,2.36E-06,7.07E-07,0.999997299,7.07E-07,7.66E-07,0.000112451
0.003296818,1.99E-05,3.99E-07,0.999994564,3.99E-07,2.49E-07,4.57E-05
0.012124927,1.70E-05,1.59E-06,0.999926488,1.59E-06,1.80E-06,6.93E-05
0.014127374,3.55E-05,1.95E-07,0.999900202,1.95E-07,1.42E-07,5.36E-05
0.024787983,0.000391664,4.33E-06,0.999690676,4.33E-06,1.65E-05,0.001988621
0.030690608,3.71E-05,7.27E-06,0.999528713,7.27E-06,6.53E-06,0.000661627
0.016962307,1.52E-05,6.85E-07,0.999856129,6.85E-07,7.50E-07,3.43E-05
0.039613511,0.000109231,6.81E-06,0.999214934,6.81E-06,5.46E-06,0.000521874
0.010067001,2.03E-05,6.76E-07,0.999949324,6.76E-07,5.86E-07,6.45E-05
0.032232507,3.52E-06,1.76E-07,0.999480393,1.76E-07,6.16E-07,9.62E-05
0.288189459,0.001897426,0.000111737,0.957567537,0.000111737,0.000202392,0.002753376
0.01350425,1.08E-05,2.71E-07,0.999908807,2.71E-07,7.45E-07,0.000111587
0.013408947,1.48E-06,1.63E-07,0.999910094,1.63E-07,4.00E-07,5.85E-05
0.004868235,9.34E-06,6.00E-07,0.999988142,6.00E-07,8.94E-07,0.00012277
0.390148491,0.000538489,6.73E-06,0.920749078,6.73E-06,8.08E-06,0.002236076
0.003036728,2.40E-05,8.00E-07,0.999995384,8.00E-07,1.12E-07,9.60E-05
0.022403617,4.19E-06,5.86E-07,0.999749007,5.86E-07,2.09E-06,2.10E-05
0.006910813,2.54E-05,6.34E-07,0.999976115,6.34E-07,7.99E-07,9.63E-05
0.063044256,4.45E-06,1.02E-06,0.998010653,1.02E-06,2.49E-06,0.000397122
0.062889216,1.59E-05,5.10E-06,0.998020451,5.10E-06,3.82E-06,0.000353061
0.000224779,8.88E-06,1.78E-08,0.99999997,1.78E-08,1.63E-06,9.26E-05
0.025429894,2.75E-05,4.32E-07,0.999676608,4.32E-07,5.89E-07,1.04E-05
0.011686941,1.38E-05,6.89E-08,0.999931703,6.89E-08,5.85E-07,6.34E-05
0.017279545,2.03E-05,4.57E-07,0.99985067,4.57E-07,2.03E-06,0.000232046
0.025212791,4.49E-06,8.53E-07,0.9996821,8.53E-07,8.68E-07,0.000115073
0.091934153,2.40E-05,2.36E-06,0.995765083,2.36E-06,3.56E-06,9.75E-05
0.018979945,1.81E-05,3.83E-07,0.999819863,3.83E-07,1.03E-06,5.10E-05
0.045565348,6.59E-05,7.76E-07,0.998961329,7.76E-07,2.06E-06,0.000238708
0.017706506,3.28E-05,1.42E-06,0.999843219,1.42E-06,2.98E-08,0.00012543
0.037289242,4.95E-05,2.15E-06,0.999304508,2.15E-06,9.50E-07,9.91E-05
0.010432946,4.16E-05,1.36E-06,0.99994557,1.36E-06,3.63E-06,9.79E-05
0.013676659,1.52E-05,7.48E-07,0.999906469,7.48E-07,6.47E-07,5.41E-05
0.030163337,5.97E-06,2.65E-06,0.999544956,2.65E-06,4.18E-07,0.000230744
0.034342358,4.01E-05,1.16E-06,0.999410117,1.16E-06,6.68E-07,0.000138505
0.008477013,1.15E-05,1.07E-06,0.999964069,1.07E-06,4.58E-07,3.84E-06
0.004867963,1.31E-05,1.04E-06,0.99998815,1.04E-06,1.19E-06,5.27E-05
0.026625276,1.27E-05,3.81E-07,0.999645484,3.81E-07,1.43E-07,2.62E-05
0.009894217,7.79E-05,2.87E-07,0.999951037,2.87E-07,3.65E-06,0.00014728
0.024425176,5.70E-05,2.31E-06,0.999701636,2.31E-06,1.98E-06,0.000216412
0.028540932,3.27E-06,1.28E-06,0.999592623,1.28E-06,8.34E-07,6.11E-05
0.346262027,0.000269641,6.47E-06,0.938135265,6.47E-06,1.89E-06,0.002181936
0.001322914,3.74E-06,6.12E-07,0.999999118,6.12E-07,1.25E-07,0.000114357
0.010512542,2.55E-05,1.47E-06,0.999944688,1.47E-06,5.04E-06,0.000327171
0.02075044,9.61E-06,4.80E-07,0.999784686,4.80E-07,1.86E-06,7.71E-06
0.00821451,4.63E-06,8.45E-07,0.999966256,8.45E-07,6.48E-07,8.80E-05
0.002540285,5.01E-06,4.41E-07,0.999996772,4.41E-07,9.32E-07,5.71E-05
0.060641924,2.54E-05,5.59E-06,0.998159278,5.59E-06,9.14E-06,0.000782452
0.016829282,8.23E-06,1.03E-07,0.999858374,1.03E-07,6.07E-07,8.73E-05
0.001571701,3.48E-05,2.28E-06,0.999998748,2.28E-06,1.59E-06,0.000180916
0.047877258,6.01E-05,3.38E-06,0.998853201,3.38E-06,1.54E-06,0.000215537
0.013660816,9.04E-06,2.94E-07,0.999906683,2.94E-07,6.89E-07,8.95E-05
0.187420057,8.35E-05,6.26E-06,0.982279025,6.26E-06,1.95E-06,0.001277222
0.139089551,0.00020247,4.72E-06,0.990279771,4.72E-06,1.01E-05,0.000175699
0.010386968,1.31E-05,1.17E-06,0.999946054,1.17E-06,9.56E-08,1.81E-05
0.01580304,1.15E-05,4.02E-07,0.999875122,4.02E-07,1.13E-06,5.85E-05
0.103712801,7.28E-05,3.49E-06,0.994607174,3.49E-06,4.27E-06,0.000467487
0.006829128,1.33E-05,1.01E-06,0.99997667,1.01E-06,1.09E-06,0.000152497
0.01384494,7.22E-05,9.73E-07,0.999904128,9.73E-07,1.04E-06,0.00021736
0.041523502,2.91E-05,2.82E-06,0.999137493,2.82E-06,4.07E-06,0.000260276
0.019150207,3.19E-05,4.92E-06,0.999816424,4.92E-06,2.30E-06,0.000622124
0.015751301,2.47E-05,4.77E-07,0.99987594,4.77E-07,1.56E-06,8.98E-06
0.023130789,3.04E-05,5.20E-07,0.999732441,5.20E-07,9.51E-07,0.000108084
0.041349869,6.61E-06,1.87E-06,0.999144714,1.87E-06,1.17E-06,0.000168723
0.098257021,0.000117314,1.41E-06,0.995160981,1.41E-06,8.21E-07,0.000407316
0.006024785,4.24E-06,1.03E-06,0.999981845,1.03E-06,8.06E-07,0.000109908
0.024709542,1.61E-05,6.70E-07,0.999694671,6.70E-07,7.07E-07,4.62E-05
0.020791412,2.17E-05,7.23E-08,0.999783825,7.23E-08,5.20E-07,0.000141558
0.032783203,5.90E-05,6.23E-07,0.999462448,6.23E-07,2.65E-06,0.000268897
0.000981678,2.04E-05,8.88E-07,0.999999513,8.88E-07,8.40E-08,9.94E-05
0.028887329,3.67E-05,1.32E-06,0.999582673,1.32E-06,1.03E-06,7.54E-06
0.034801671,4.93E-05,2.59E-08,0.999394214,2.59E-08,1.24E-06,0.000215166
0.029212821,6.57E-05,2.98E-07,0.999573053,2.98E-07,4.18E-07,0.000565035
0.023976289,1.92E-05,7.02E-07,0.999712527,7.02E-07,9.42E-07,3.31E-05
0.126611244,0.000127479,1.69E-05,0.99195204,1.69E-05,1.49E-05,0.000851743
0.025538815,2.87E-05,3.41E-07,0.999673829,3.41E-07,6.55E-07,5.59E-05
0.0250213,3.92E-06,1.15E-06,0.999686911,1.15E-06,2.35E-07,0.000116873
0.019432436,2.04E-05,1.83E-06,0.999811165,1.83E-06,6.45E-07,0.000115575
0.017645083,6.04E-06,3.48E-07,0.999844306,3.48E-07,1.31E-06,0.000121918
0.092070386,0.000130188,6.78E-06,0.995752386,6.78E-06,1.51E-06,0.000461002
0.000683684,3.42E-05,1.38E-06,0.999999757,1.38E-06,1.69E-06,0.000129323
0.008527354,4.06E-05,2.93E-07,0.999963627,2.93E-07,8.11E-07,0.000168015
0.045568926,4.63E-05,2.59E-06,0.998961181,2.59E-06,1.11E-06,0.000172161
0.019550068,0.000130554,4.96E-06,0.999808573,4.96E-06,7.96E-06,0.000771966
0.165726803,2.11E-05,8.42E-06,0.986171573,8.42E-06,3.16E-06,0.00050547
0.002174181,5.31E-06,7.96E-07,0.999997634,7.96E-07,3.32E-07,7.63E-05
0.030254463,4.80E-05,1.82E-06,0.999542202,1.82E-06,3.43E-06,0.000228331
0.004988538,3.02E-05,4.90E-07,0.999987556,4.90E-07,1.07E-06,4.17E-05
0.009162093,2.69E-05,4.70E-07,0.999958023,4.70E-07,2.13E-07,8.91E-05
0.024701891,4.25E-05,2.06E-06,0.999694857,2.06E-06,2.49E-06,8.20E-05
0.064238175,1.54E-05,2.47E-06,0.997934561,2.47E-06,2.32E-06,0.000260407
0.022537434,1.44E-05,7.04E-07,0.999745999,7.04E-07,1.44E-08,1.98E-05
0.001964501,1.78E-05,4.52E-07,0.999998067,4.52E-07,1.53E-06,7.76E-05
0.027171355,1.83E-05,1.83E-07,0.999630783,1.83E-07,7.33E-08,0.000123551
0.010422429,5.22E-05,3.39E-06,0.99994557,3.39E-06,5.11E-06,0.000476386
0.000341564,1.72E-05,9.04E-07,0.999999941,9.04E-07,9.84E-07,2.85E-05
0.001274477,5.08E-05,2.16E-06,0.999999185,2.16E-06,2.51E-06,5.84E-05
0.016274621,6.62E-05,4.97E-07,0.999867522,4.97E-07,2.01E-06,0.000265525
0.015539917,2.45E-06,5.40E-07,0.999879247,5.40E-07,1.05E-06,5.52E-05
0.066859567,4.76E-05,1.76E-06,0.99776237,1.76E-06,4.19E-06,0.000220603
0.004108922,2.89E-06,1.08E-06,0.999991558,1.08E-06,9.66E-07,2.75E-05
0.003666275,8.65E-06,1.14E-06,0.999993276,1.14E-06,5.81E-07,7.72E-05
0.025689249,8.05E-06,1.47E-06,0.999669969,1.47E-06,9.86E-07,0.000123412
0.015695063,1.15E-05,3.45E-07,0.999876817,3.45E-07,7.42E-07,0.000122236
0.028381964,5.65E-05,2.31E-07,0.999597147,2.31E-07,5.91E-07,6.21E-05
0.025446076,2.25E-05,1.15E-06,0.999676195,1.15E-06,7.73E-07,4.74E-05
0.050296704,0.000131363,1.25E-07,0.998734132,1.25E-07,4.44E-06,0.000597514
0.019009084,2.70E-06,1.56E-06,0.999819283,1.56E-06,2.56E-06,0.000236563
0.014930801,1.13E-05,1.21E-06,0.999888527,1.21E-06,8.88E-07,6.29E-05
0.016214485,5.25E-06,5.25E-08,0.999868534,5.25E-08,2.10E-07,7.53E-05
0.028470629,1.79E-05,1.67E-06,0.999594623,1.67E-06,1.51E-06,0.000115488
0.021043882,2.49E-05,2.71E-07,0.99977855,2.71E-07,6.78E-08,7.80E-05
0.091982019,0.000112846,1.62E-06,0.99576065,1.62E-06,6.07E-06,0.000149874
0.020267298,1.14E-05,4.78E-07,0.999794597,4.78E-07,9.88E-07,3.22E-05
0.007865393,8.91E-06,7.72E-07,0.999969067,7.72E-07,4.16E-07,7.77E-06
0.073220352,0.000125745,6.29E-06,0.997314786,6.29E-06,2.20E-06,0.001407401
0.029508522,1.97E-05,3.94E-06,0.999564352,3.94E-06,2.96E-07,0.000593774
0.033284132,1.68E-06,5.71E-07,0.999445928,5.71E-07,3.36E-08,6.47E-05
0.008652176,2.08E-05,2.91E-07,0.999962565,2.91E-07,0,8.62E-05
0.018092793,3.29E-05,1.03E-06,0.999836311,1.03E-06,6.87E-07,3.84E-05
0.008960818,1.76E-05,1.51E-06,0.999959846,1.51E-06,4.11E-07,9.53E-05
0.058278642,0.000146253,2.93E-06,0.998300137,2.93E-06,6.27E-07,0.000643582
0.029759916,1.40E-05,1.09E-07,0.999557074,1.09E-07,1.53E-06,5.82E-05
0.159472852,8.55E-05,1.69E-05,0.987201332,1.69E-05,5.30E-06,0.001390044
0.002084835,8.26E-06,9.40E-07,0.999997823,9.40E-07,8.78E-07,8.98E-05
0.000519461,1.45E-06,1.05E-06,0.999999863,1.05E-06,1.42E-06,6.77E-05
0.023356957,3.27E-05,1.93E-07,0.999727178,1.93E-07,2.97E-07,0.000142039
0.183148376,7.82E-05,1.96E-07,0.983085021,1.96E-07,8.90E-06,0.000711911
0.005939347,2.52E-05,5.77E-07,0.99998236,5.77E-07,7.66E-07,5.04E-05
0.018057274,2.59E-05,1.20E-06,0.999836953,1.20E-06,7.02E-07,3.13E-05
0.020428862,1.38E-05,5.93E-07,0.99979129,5.93E-07,4.74E-07,0.000195372
0.076027234,1.37E-05,3.09E-06,0.997105733,3.09E-06,2.06E-06,0.000128174
0.01237969,1.73E-05,8.33E-07,0.999923367,8.33E-07,8.12E-07,6.13E-05
0.020316184,1.44E-05,1.55E-07,0.999793602,1.55E-07,2.21E-07,7.51E-05
0.153769342,5.05E-05,3.62E-06,0.98810671,3.62E-06,5.81E-06,0.000341156
0.018114587,1.95E-05,1.19E-07,0.999835917,1.19E-07,3.79E-07,3.63E-05
0.007439946,1.08E-05,5.63E-07,0.999972322,5.63E-07,1.10E-06,3.96E-05
0.044853072,6.03E-05,3.27E-06,0.998993558,3.27E-06,2.59E-06,0.000262777
0.008446124,3.38E-05,3.11E-06,0.999964302,3.11E-06,2.33E-06,0.000238995
0.016098736,3.63E-06,7.62E-07,0.999870405,7.62E-07,1.12E-06,5.42E-05
0.024861808,4.99E-05,6.24E-07,0.999690887,6.24E-07,1.56E-06,0.000137796
0.016685913,8.11E-05,2.96E-06,0.999860777,2.96E-06,2.67E-06,1.09E-05
0.112643166,0.000100849,5.17E-06,0.993635362,5.17E-06,4.48E-06,0.000523659
0.026662654,1.95E-05,1.34E-06,0.999644478,1.34E-06,5.84E-07,0.000139395
0.019667798,3.75E-06,9.87E-07,0.999806568,9.87E-07,6.12E-07,7.20E-05
0.058656009,1.90E-05,1.49E-06,0.998278229,1.49E-06,2.95E-06,0.000221804
0.02970384,9.07E-06,2.00E-06,0.999558739,2.00E-06,1.07E-06,9.16E-05
0.025068729,3.75E-05,6.98E-07,0.999685723,6.98E-07,1.53E-07,0.000108826
0.018325275,5.30E-06,1.71E-06,0.999832065,1.71E-06,7.95E-07,0.000159355
0.060823069,6.51E-05,2.28E-07,0.998148561,2.28E-07,1.99E-06,2.43E-05
0.105537631,0.000137641,7.21E-07,0.994415212,7.21E-07,4.92E-06,0.000420198
0.031564323,7.92E-06,8.91E-07,0.999501712,8.91E-07,1.58E-07,0.000145548
0.013122454,5.07E-06,4.05E-07,0.999913896,4.05E-07,6.48E-07,2.83E-05
0.013082236,9.92E-06,4.59E-07,0.999914416,4.59E-07,2.48E-07,0.000121276
0.003720514,8.19E-06,1.74E-07,0.999993079,1.74E-07,8.19E-08,2.20E-05
0.019751203,1.88E-05,6.80E-07,0.999804925,6.80E-07,1.04E-06,2.63E-05
0.02267833,0.000123742,4.67E-06,0.999742803,4.67E-06,3.09E-06,7.39E-05
0.040603151,1.02E-05,1.35E-06,0.999175327,1.35E-06,1.91E-06,0.000222749
0.002946551,2.26E-05,4.94E-07,0.999995653,4.94E-07,2.47E-07,0.000102932
0.59515883,0.000724157,3.62E-06,0.803607442,3.62E-06,3.62E-06,0.000722605
0.040765517,5.05E-05,6.74E-07,0.999168739,6.74E-07,5.39E-07,2.80E-05
0.035384943,6.67E-06,1.24E-06,0.999373755,1.24E-06,1.11E-06,5.25E-05
0.027351586,2.28E-05,1.75E-06,0.999625875,1.75E-06,4.18E-07,1.77E-05
0.023552822,4.86E-06,2.16E-06,0.999722588,2.16E-06,1.99E-06,0.000103066
0.003834592,1.11E-05,8.10E-08,0.999992646,8.10E-08,9.42E-07,6.12E-05
0.003129434,2.45E-05,8.89E-08,0.999995103,8.89E-08,1.31E-06,4.76E-06
0.043667635,4.82E-05,3.07E-07,0.999046113,3.07E-07,2.19E-07,1.91E-05
0.042973269,4.13E-05,2.07E-07,0.999076219,2.07E-07,2.16E-06,6.88E-05
0.009816117,9.52E-05,4.43E-05,0.999946647,4.43E-05,3.33E-06,0.003214573
0.166910982,1.17E-05,2.93E-06,0.985971303,2.93E-06,6.81E-06,0.001146222
0.009180251,4.28E-06,7.71E-07,0.999957857,7.71E-07,2.35E-07,8.74E-05
0.014464799,3.28E-05,1.77E-06,0.999895339,1.77E-06,3.28E-08,0.00028134
0.009871611,3.20E-06,4.33E-07,0.99995127,4.33E-07,1.14E-06,8.93E-05
0.041091104,5.76E-05,1.07E-06,0.999155367,1.07E-06,6.04E-07,0.000266626
0.030958086,0.000279207,4.19E-07,0.999520231,4.19E-07,6.98E-06,0.000909657
0.003523727,1.96E-05,7.28E-07,0.99999379,7.28E-07,9.24E-07,6.17E-05
0.1064259,5.67E-06,5.11E-06,0.994320502,5.11E-06,1.25E-06,0.000516699
0.046554667,7.19E-06,1.05E-06,0.998915721,1.05E-06,8.87E-07,0.000212008
0.035854046,4.20E-05,4.02E-06,0.999357024,4.02E-06,2.43E-06,0.000157454
0.019913903,2.37E-05,1.75E-06,0.999801681,1.75E-06,2.22E-06,0.000187253
0.025929911,2.40E-05,3.26E-07,0.99966375,3.26E-07,5.49E-07,0.000158485
0.016779969,2.23E-06,9.49E-07,0.999859206,9.49E-07,1.23E-07,2.53E-05
0.002029565,3.31E-05,1.21E-06,0.999997934,1.21E-06,1.15E-06,0.000108153
0.002187695,8.44E-06,1.49E-06,0.999997599,1.49E-06,8.10E-07,0.000125115
0.024119983,1.24E-06,2.60E-07,0.999709071,2.60E-07,8.29E-07,4.58E-06
0.22644634,0.00024608,1.11E-05,0.974023611,1.11E-05,3.24E-06,5.31E-06
0.039352702,0.000155673,5.37E-06,0.999225262,5.37E-06,4.36E-06,0.000464372
0.003532402,6.02E-06,3.31E-07,0.999993761,3.31E-07,3.01E-08,3.15E-05
0.005681536,2.02E-05,1.24E-07,0.999983859,1.24E-07,4.50E-07,4.24E-05
0.014449075,9.47E-06,8.66E-07,0.999895607,8.66E-07,9.33E-07,1.15E-05
0.009466691,2.68E-05,1.00E-06,0.999955179,1.00E-06,1.79E-08,0.00014714
0.179149769,3.42E-05,6.61E-06,0.983821782,6.61E-06,9.12E-06,0.000246514
0.012826349,1.52E-05,7.17E-07,0.999917731,7.17E-07,1.20E-06,0.000123747
0.026634311,8.04E-06,6.43E-07,0.999645244,6.43E-07,6.59E-07,1.32E-05
0.018696174,1.61E-05,3.01E-07,0.999825207,3.01E-07,1.85E-06,9.17E-05
0.092151303,0.000116359,9.70E-08,0.995744946,9.70E-08,4.12E-06,0.00035635
0.218668529,0.00028223,7.29E-06,0.975798545,7.29E-06,2.59E-06,0.001092818
0.102345118,0.000109323,1.91E-06,0.994748905,1.91E-06,3.39E-06,0.000285498
0.002014271,2.14E-05,1.84E-07,0.99999796,1.84E-07,1.18E-06,0.000147359
0.01097352,1.06E-05,1.12E-06,0.999939789,1.12E-06,1.23E-06,2.40E-05
0.017122411,3.82E-05,6.54E-07,0.999853395,6.54E-07,2.73E-06,0.000100782
0.013248627,7.11E-06,2.44E-07,0.999912229,2.44E-07,8.13E-08,9.25E-05
0.020330614,3.23E-06,7.44E-07,0.999793307,7.44E-07,5.28E-07,9.95E-05
0.020025671,3.41E-05,1.02E-07,0.999799456,1.02E-07,1.45E-06,0.00013865
0.01707151,2.54E-05,2.03E-07,0.999854268,2.03E-07,6.47E-07,6.95E-05
0.047922597,7.23E-05,2.83E-06,0.998851039,2.83E-06,2.86E-06,0.000143247
0.025250771,4.55E-06,2.28E-07,0.999681138,2.28E-07,1.30E-06,0.000147103
0.060769544,9.16E-05,2.03E-06,0.998151815,2.03E-06,6.35E-06,9.54E-05
0.054488793,4.72E-05,5.28E-07,0.998514343,5.28E-07,6.67E-07,0.000275949
0.118983582,2.44E-05,4.26E-06,0.992896153,4.26E-06,3.41E-06,0.000368353
0.786757594,0.000317492,4.29E-05,0.617257557,4.29E-05,3.17E-06,0.002343621
0.070096799,7.13E-05,3.99E-06,0.997540179,3.99E-06,2.85E-06,0.000159052
0.017636186,1.76E-05,1.06E-06,0.99984447,1.06E-06,6.34E-07,6.77E-06
0.007497407,6.94E-05,1.50E-06,0.999971858,1.50E-06,8.76E-07,0.000258762
0.047399331,6.15E-05,1.88E-06,0.998876016,1.88E-06,1.45E-07,6.66E-05
0.024492949,1.28E-05,1.15E-06,0.999700001,1.15E-06,3.19E-07,5.83E-05
0.026157751,2.66E-05,9.74E-07,0.999657805,9.74E-07,1.11E-06,0.000211337
0.00245742,2.74E-05,5.48E-07,0.99999698,5.48E-07,5.77E-07,8.17E-06
0.02210073,2.50E-05,1.50E-06,0.999755744,1.50E-06,8.84E-07,9.49E-05
0.040174291,5.34E-05,1.60E-06,0.999192683,1.60E-06,2.95E-06,7.42E-05
0.079374315,0.000122375,7.34E-06,0.996844464,7.34E-06,6.87E-06,0.000903689
0.063263836,3.06E-05,7.86E-07,0.997996784,7.86E-07,2.18E-06,0.000325367
0.033403166,3.77E-05,1.05E-06,0.999441955,1.05E-06,1.91E-06,7.91E-05
0.031097477,0.000105162,2.94E-06,0.999516317,2.94E-06,2.42E-06,0.000259751
0.250083537,6.55E-05,1.51E-05,0.968224169,1.51E-05,1.49E-05,0.00042306
0.030343476,2.82E-05,1.74E-06,0.999539522,1.74E-06,1.76E-06,0.000132172
0.018308236,4.35E-06,4.35E-08,0.999832387,4.35E-08,1.20E-06,7.94E-05
0.006523263,0.000207532,2.59E-06,0.999977778,2.59E-06,6.92E-06,0.001358992
0.514054945,0.000563727,1.45E-05,0.857755148,1.45E-05,1.36E-05,0.001816684
0.018604349,4.24E-05,1.29E-06,0.999826918,1.29E-06,1.48E-06,0.00010553
0.005665391,2.21E-05,3.16E-08,0.999983951,3.16E-08,1.26E-07,2.68E-05
0.044094934,0.00016589,5.77E-07,0.999027322,5.77E-07,6.64E-06,0.000134876
0.14610708,0.000146621,4.83E-06,0.989268756,4.83E-06,2.59E-06,0.000166458
0.184148176,0.000226407,5.66E-06,0.982897703,5.66E-06,5.50E-06,0.001225832
0.018067103,1.32E-05,8.49E-07,0.999836767,8.49E-07,8.34E-07,0.000135941
0.015070679,2.50E-05,4.54E-07,0.999886429,4.54E-07,2.05E-07,5.60E-05
0.031250674,8.42E-05,8.89E-06,0.999511248,8.89E-06,7.30E-06,0.00080855
0.002214874,6.55E-06,8.52E-07,0.999997545,8.52E-07,3.28E-07,6.82E-05
0.068445441,0.000101685,5.73E-06,0.997654839,5.73E-06,1.85E-06,0.000184604
0.038114283,3.08E-05,1.54E-06,0.999273386,1.54E-06,4.76E-07,2.03E-05
0.019101344,2.05E-05,8.36E-07,0.99981755,8.36E-07,6.78E-07,7.06E-05
0.018615463,1.85E-05,5.79E-07,0.999826714,5.79E-07,8.62E-08,8.45E-05
0.001824864,1.40E-05,2.00E-07,0.999998322,2.00E-07,1.36E-06,0.000159576
0.0107039,1.27E-05,8.87E-08,0.999942704,8.87E-08,9.50E-07,0.000122073
0.012293283,3.01E-05,6.65E-07,0.999924429,6.65E-07,9.98E-07,9.78E-05
0.071541535,4.97E-06,2.88E-06,0.997437508,2.88E-06,1.89E-06,0.000475188
0.066805634,5.36E-06,3.05E-06,0.997766005,3.05E-06,5.09E-06,7.67E-05
0.012925874,2.73E-05,0,0.999916457,0,8.66E-07,3.14E-05
0.025608505,3.17E-05,1.74E-06,0.999672047,1.74E-06,2.99E-07,3.24E-05
0.018642252,9.71E-06,8.88E-07,0.999826213,8.88E-07,9.43E-07,0.000100971
0.538921357,0.003458055,4.45E-05,0.842283321,4.45E-05,2.14E-05,0.010517426
0.063643835,3.16E-05,2.17E-06,0.997972659,2.17E-06,8.58E-07,0.000183988
0.011490218,9.67E-06,4.28E-07,0.999933984,4.28E-07,5.53E-08,5.68E-05
0.025058156,2.38E-05,1.01E-06,0.999685994,1.01E-06,6.30E-07,2.64E-05
0.032016174,3.42E-05,2.14E-06,0.999487294,2.14E-06,1.32E-06,0.000334391
0.0138457,9.47E-06,1.42E-06,0.99990414,1.42E-06,7.96E-07,8.74E-05
0.010766616,1.85E-05,4.70E-07,0.999942037,4.70E-07,1.01E-06,3.91E-05
0.008339507,2.69E-05,5.99E-07,0.999965219,5.99E-07,1.39E-06,0.000116186
0.0521615,1.12E-05,3.93E-07,0.998638661,3.93E-07,7.30E-07,4.25E-05
0.014554566,2.01E-05,1.05E-06,0.999894073,1.05E-06,6.76E-07,8.48E-05
0.191040564,0.000367411,1.98E-06,0.981580083,1.98E-06,1.75E-05,0.001976952
0.000473124,1.22E-05,9.16E-07,0.999999888,9.16E-07,4.68E-07,1.92E-05
0.011803701,4.26E-05,4.49E-07,0.999930309,4.49E-07,1.14E-06,0.000218453
0.012041459,1.46E-05,5.02E-06,0.999927239,5.02E-06,6.48E-06,0.00072126
0.037991295,6.42E-05,1.93E-06,0.999278046,1.93E-06,4.97E-06,0.000209599
0.016651924,1.03E-06,3.62E-07,0.999861347,3.62E-07,5.06E-07,3.02E-05
0.003431537,7.24E-06,2.86E-06,0.999994112,2.86E-06,3.04E-06,8.36E-06
0.020190648,2.36E-05,1.25E-06,0.999796147,1.25E-06,7.30E-07,4.86E-05
0.01183597,7.35E-06,5.78E-07,0.999929949,5.78E-07,5.46E-07,7.78E-05
0.021431592,1.66E-05,5.53E-07,0.999770317,5.53E-07,1.55E-07,1.43E-05
0.061582994,9.24E-05,1.26E-06,0.998101956,1.26E-06,2.60E-06,0.00011119
0.014154855,2.21E-05,3.41E-07,0.999899815,3.41E-07,4.62E-07,1.37E-05
0.02573958,1.96E-05,1.39E-06,0.999668676,1.39E-06,4.07E-07,0.000104733
0.026899875,2.10E-05,1.57E-06,0.999638124,1.57E-06,1.39E-06,0.000127959
0.005747362,1.04E-05,1.31E-06,0.99998348,1.31E-06,2.38E-07,9.17E-05
0.006977612,4.59E-06,3.33E-07,0.999975656,3.33E-07,1.12E-06,4.96E-06
0.74823551,0.00044439,2.98E-05,0.663429893,2.98E-05,2.18E-05,0.002049082
0.006610819,1.38E-05,1.24E-06,0.999978143,1.24E-06,1.93E-06,0.000106725
0.082295452,7.52E-05,3.88E-06,0.996607973,3.88E-06,1.75E-06,2.70E-05
0.030080928,1.05E-05,1.11E-06,0.999547461,1.11E-06,9.66E-07,0.000102208
0.025944387,3.60E-05,5.86E-07,0.999663384,5.86E-07,1.41E-06,8.02E-05
0.30351821,0.000119404,1.30E-05,0.95282546,1.30E-05,1.07E-05,0.000568703
0.025884227,1.26E-05,1.61E-06,0.999664911,1.61E-06,5.05E-07,0.000269495
0.004324516,0.000296181,2.15E-05,0.999988688,2.15E-05,1.13E-05,0.001958027
0.017448845,3.19E-05,1.18E-06,0.999847752,1.18E-06,1.39E-06,9.70E-05
0.053934704,7.47E-06,2.32E-06,0.998544447,2.32E-06,3.55E-06,0.000184503
0.02632977,5.69E-05,1.81E-06,0.999653298,1.81E-06,3.36E-07,0.000153911
0.029854576,3.06E-06,3.52E-07,0.999554249,3.52E-07,2.14E-07,8.58E-05
0.043210082,6.18E-05,2.94E-06,0.999065982,2.94E-06,3.86E-08,0.000222247
0.038612831,5.76E-05,1.00E-06,0.99925424,1.00E-06,1.03E-06,9.64E-05
0.026091911,3.30E-06,1.43E-06,0.999659546,1.43E-06,1.24E-06,7.23E-05
0.004688384,1.82E-05,1.42E-07,0.999989009,1.42E-07,9.63E-07,2.48E-05
0.034387761,4.71E-06,2.28E-06,0.999408561,2.28E-06,2.00E-06,0.000100197
0.026167223,2.35E-05,4.27E-08,0.999657576,4.27E-08,1.22E-06,7.63E-05
0.003637912,3.45E-05,1.03E-06,0.999993375,1.03E-06,1.55E-06,0.00011932
0.0028193,8.09E-05,7.28E-06,0.999994831,7.28E-06,1.46E-06,0.001543667
0.639668297,0.000576232,1.49E-05,0.76864532,1.49E-05,1.44E-06,0.002917174
0.117164769,0.000201423,7.01E-06,0.993112361,7.01E-06,4.64E-06,0.000463098
0.031503443,4.49E-05,2.86E-07,0.999503623,2.86E-07,1.18E-06,0.000194722
0.016433373,1.47E-05,9.14E-07,0.99986496,9.14E-07,7.88E-07,7.97E-05
0.001967594,2.94E-06,5.60E-07,0.999998063,5.60E-07,1.40E-06,4.29E-05
0.028027179,6.57E-05,1.36E-06,0.999607115,1.36E-06,4.03E-06,0.000297214
0.040151829,1.55E-05,5.91E-07,0.999193561,5.91E-07,2.80E-07,0.000241738
0.016380249,2.40E-05,1.32E-06,0.99986583,1.32E-06,6.14E-07,9.00E-05
0.048843266,2.44E-05,4.75E-06,0.998806432,4.75E-06,1.04E-06,0.000215842
0.021826127,6.40E-05,1.16E-06,0.999761769,1.16E-06,6.69E-07,0.000143611
0.016344878,1.76E-05,6.43E-07,0.999866413,6.43E-07,9.95E-07,1.25E-05
0.108536546,1.25E-05,3.38E-06,0.994092448,3.38E-06,4.82E-06,0.000152891
0.01362246,1.94E-06,1.55E-07,0.999907194,1.55E-07,1.55E-06,0.000181158
0.003994297,8.98E-06,1.47E-06,0.999992016,1.47E-06,1.19E-06,0.000112977
0.019269564,4.81E-05,1.84E-06,0.999814288,1.84E-06,1.90E-06,0.000267318
0.022023923,2.86E-05,1.27E-06,0.999757441,1.27E-06,8.58E-07,7.09E-05
0.098837857,0.000135559,1.02E-05,0.995103542,1.02E-05,1.97E-06,8.38E-06
0.019133113,3.52E-06,1.14E-06,0.999816943,1.14E-06,1.06E-07,7.10E-05
0.005250529,5.41E-06,2.59E-07,0.999986216,2.59E-07,6.27E-07,1.47E-05
0.017978228,6.24E-05,1.30E-06,0.999838375,1.30E-06,2.36E-06,5.86E-05
0.022064846,2.99E-05,1.33E-07,0.999756526,1.33E-07,8.64E-07,0.000173728
0.004422984,1.75E-05,7.34E-07,0.999990218,7.34E-07,9.64E-07,3.67E-06
0.013382885,1.80E-05,3.34E-07,0.999910439,3.34E-07,8.09E-07,0.000110452
0.091844814,0.000202239,2.19E-06,0.995773305,2.19E-06,5.14E-06,0.000116203
0.005745813,5.69E-05,1.44E-06,0.999983427,1.44E-06,6.56E-07,0.00035785
0.068805419,2.77E-05,9.68E-07,0.997630097,9.68E-07,2.35E-06,5.80E-05
0.043865359,9.72E-06,3.64E-06,0.999037437,3.64E-06,1.17E-06,0.000169541
0.046274233,3.63E-05,1.92E-06,0.998928743,1.92E-06,2.54E-06,0.000246852
0.008504248,3.54E-05,8.37E-07,0.999963829,8.37E-07,4.83E-08,0.000129928
0.022424678,9.87E-06,9.13E-07,0.999748509,9.13E-07,1.18E-06,0.000230431
0.014421879,1.37E-05,1.08E-05,0.999895933,1.08E-05,2.61E-06,0.000364165
0.003761862,1.14E-05,3.03E-06,0.999992924,3.03E-06,9.10E-07,2.09E-05
0.014523671,2.01E-05,5.91E-07,0.999894523,5.91E-07,1.18E-06,7.30E-05
0.000312349,1.31E-05,1.31E-07,0.999999949,1.31E-07,1.03E-06,6.76E-05
0.048935852,6.12E-05,1.40E-06,0.998801884,1.40E-06,2.01E-06,0.000275781
0.003461136,2.57E-05,9.71E-07,0.99999401,9.71E-07,5.91E-07,1.61E-05
0.02196853,9.09E-06,8.96E-07,0.999758663,8.96E-07,1.16E-06,1.59E-05
0.009058865,2.22E-05,8.78E-07,0.999958967,8.78E-07,5.25E-07,2.50E-05
0.272882245,3.60E-05,1.98E-05,0.96204744,1.98E-05,1.48E-05,3.60E-05
0.019250897,1.13E-05,5.20E-07,0.999814682,5.20E-07,1.24E-07,7.20E-05
0.009713646,1.57E-05,9.40E-07,0.999952818,9.40E-07,3.81E-07,7.82E-05
0.032011091,5.91E-05,3.19E-06,0.999487511,3.19E-06,5.85E-06,3.63E-05
0.003383791,0.000119812,5.21E-07,0.999994172,5.21E-07,4.38E-06,0.000437468
0.006520136,3.96E-05,1.88E-07,0.999978743,1.88E-07,1.38E-06,3.62E-06
0.02436856,2.21E-05,3.64E-07,0.99970303,3.64E-07,1.58E-08,0.00015532
0.008631491,7.64E-05,2.25E-06,0.999962736,2.25E-06,1.35E-06,0.000133295
0.024090351,2.36E-05,1.44E-06,0.999709779,1.44E-06,1.24E-06,0.000114202
0.001181099,2.49E-05,9.19E-07,0.9999993,9.19E-07,1.21E-06,6.12E-05
0.010779125,5.11E-06,1.94E-07,0.999941901,1.94E-07,3.79E-07,6.71E-05
0.001606041,2.39E-05,1.97E-07,0.99999871,1.97E-07,9.99E-07,1.21E-05
0.005534431,4.15E-05,1.11E-06,0.999984683,1.11E-06,4.37E-07,4.23E-05
0.04875376,4.35E-05,7.35E-07,0.998810827,7.35E-07,7.62E-07,7.08E-06
0.006148347,4.58E-06,1.63E-06,0.999981085,1.63E-06,1.05E-06,0.000163515
0.006262079,5.35E-06,4.82E-07,0.999980387,4.82E-07,5.22E-07,0.00010929
0.015889577,1.25E-06,1.24E-06,0.999873751,1.24E-06,1.11E-06,5.45E-05
0.024998811,1.02E-05,1.02E-07,0.99968747,1.02E-07,2.05E-07,0.000144185
0.019255028,4.68E-06,3.04E-07,0.999814604,3.04E-07,4.10E-07,2.31E-05
0.001042908,1.68E-05,7.07E-07,0.999999456,7.07E-07,6.18E-07,2.48E-05
0.005242638,2.63E-05,1.09E-06,0.999986255,1.09E-06,0,6.46E-05
0.021027607,1.76E-05,8.11E-07,0.99977889,8.11E-07,4.73E-07,0.000106337
0.129102866,5.40E-05,1.27E-05,0.991631198,1.27E-05,2.97E-06,0.000116186
0.008209394,3.21E-05,2.60E-07,0.999966295,2.60E-07,1.31E-06,0.000120888
0.004776013,1.32E-05,9.46E-07,0.999988593,9.46E-07,3.19E-07,5.42E-05
0.005287345,7.90E-05,1.83E-06,0.999985974,1.83E-06,3.23E-07,0.000300765
0.106977083,5.48E-05,5.32E-06,0.9942614,5.32E-06,5.17E-06,0.000410462
0.012737113,2.29E-05,6.53E-07,0.999918876,6.53E-07,9.96E-07,8.45E-05
0.011979321,4.69E-05,1.49E-06,0.99992824,1.49E-06,1.63E-06,9.52E-05
0.054907173,3.78E-05,3.73E-06,0.99849142,3.73E-06,1.61E-06,0.000292399
0.055980157,1.71E-05,8.56E-07,0.998431856,8.56E-07,1.97E-06,0.000223779
0.009589912,1.53E-05,2.06E-06,0.999954014,2.06E-06,1.55E-06,4.84E-05
0.010567433,2.33E-06,3.97E-07,0.999944163,3.97E-07,2.33E-07,3.88E-06
0.023942252,1.46E-05,3.97E-07,0.999713343,3.97E-07,7.41E-07,1.50E-05
0.058642879,7.74E-05,3.34E-06,0.998279022,3.34E-06,7.33E-07,8.31E-06
0.013488988,4.13E-06,2.17E-07,0.999909018,2.17E-07,1.34E-07,4.78E-05
0.014683158,1.30E-05,5.44E-07,0.999892194,5.44E-07,1.63E-07,7.27E-05
0.038666712,1.96E-05,2.40E-07,0.999252143,2.40E-07,1.72E-06,0.000196872
0.059871059,7.67E-05,2.57E-06,0.998206089,2.57E-06,4.16E-06,0.000234424
0.014975038,3.02E-05,1.22E-06,0.999887866,1.22E-06,8.40E-07,5.51E-05
0.01227795,4.52E-05,3.01E-06,0.99992462,3.01E-06,1.58E-06,5.85E-05
0.006368166,4.26E-05,4.09E-06,0.99997971,4.09E-06,2.09E-06,0.000156325
0.005451566,1.97E-05,1.32E-06,0.999985138,1.32E-06,1.12E-06,6.65E-05
0.01948755,3.29E-05,1.32E-06,0.999810092,1.32E-06,3.84E-07,0.000119153
0.02501935,1.82E-05,3.50E-07,0.999686958,3.50E-07,8.52E-07,0.000132018
0.068309051,4.79E-05,2.36E-06,0.997664182,2.36E-06,2.88E-06,0.000226258
0.009687843,5.00E-05,2.17E-06,0.99995307,2.17E-06,1.77E-06,9.52E-06
0.015407461,6.07E-05,1.63E-06,0.999881294,1.63E-06,2.88E-06,5.93E-05
0.019253806,1.50E-05,7.24E-07,0.999814622,7.24E-07,2.99E-07,0.00011222
0.003802632,8.52E-06,1.83E-07,0.999992768,1.83E-07,5.11E-07,5.50E-05
0.044655564,2.62E-05,2.41E-06,0.999002433,2.41E-06,5.75E-07,0.000139037
0.627406143,0.00076031,1.42E-05,0.778689237,1.42E-05,3.11E-05,0.002006226
0.069660322,9.84E-05,1.08E-06,0.997570664,1.08E-06,5.41E-07,0.000447787
0.019131281,2.90E-05,1.82E-06,0.999816969,1.82E-06,8.69E-07,0.000144125
0.140361216,0.000278043,0,0.990099757,0,4.80E-06,0.001059598
0.00187497,2.11E-06,2.43E-07,0.999998241,2.43E-07,8.02E-07,4.52E-05
0.044989545,1.60E-05,4.80E-07,0.998987456,4.80E-07,7.78E-07,5.13E-05
0.008796457,2.23E-05,5.85E-07,0.999961302,5.85E-07,4.18E-08,0.00012529
0.003878715,4.13E-05,1.48E-06,0.999992464,1.48E-06,1.67E-06,0.000159479
0.007599204,7.17E-06,1.02E-07,0.999971125,1.02E-07,4.81E-07,1.50E-05
0.005931234,1.72E-05,5.84E-07,0.99998241,5.84E-07,1.72E-07,6.81E-06
0.022028023,1.86E-05,9.29E-08,0.999757352,9.29E-08,2.79E-07,5.78E-05
0.013000498,3.54E-05,9.17E-07,0.999915489,9.17E-07,1.35E-06,2.84E-05
0.05953204,6.89E-05,5.03E-06,0.998226391,5.03E-06,6.89E-07,5.69E-05
0.01322397,1.40E-05,1.33E-06,0.999912559,1.33E-06,1.69E-06,2.12E-05
0.01531149,7.19E-05,2.16E-06,0.999882724,2.16E-06,2.23E-06,0.000300707
0.01819519,3.81E-05,1.30E-06,0.999834453,1.30E-06,4.71E-07,1.94E-05
0.038538504,3.51E-05,9.00E-07,0.999257113,9.00E-07,1.16E-06,6.10E-05
0.01823481,1.73E-05,7.56E-07,0.999833732,7.56E-07,1.08E-08,2.62E-05
0.020502655,6.25E-05,2.86E-07,0.999789788,2.86E-07,5.99E-07,0.000132743
0.237297316,0.000154074,6.16E-06,0.971437047,6.16E-06,7.19E-06,0.000152405
0.005798332,2.57E-05,1.09E-06,0.999983189,1.09E-06,5.52E-07,9.13E-06
0.036839915,6.54E-06,2.48E-06,0.999321155,2.48E-06,2.81E-06,0.000221999
0.07291432,0.000149086,1.57E-06,0.997337936,1.57E-06,1.24E-06,0.000721578
0.029375181,5.55E-05,4.99E-06,0.999568451,4.99E-06,1.87E-06,9.15E-05
0.002702622,1.94E-05,4.75E-07,0.999996344,4.75E-07,5.18E-07,8.47E-05
0.01885677,1.21E-05,1.09E-06,0.999822189,1.09E-06,3.93E-07,0.000109676
0.016424754,2.32E-05,1.17E-06,0.999865103,1.17E-06,6.44E-08,4.83E-05
0.028921584,1.28E-05,7.88E-07,0.999581683,7.88E-07,1.81E-06,1.67E-05
0.010607915,5.34E-05,2.46E-06,0.999943719,2.46E-06,3.47E-07,0.000170018
0.008044581,2.12E-05,1.62E-06,0.999967641,1.62E-06,8.87E-07,2.90E-05
0.008549731,7.08E-06,2.93E-07,0.999963449,2.93E-07,2.73E-07,4.86E-05
0.113471138,1.81E-05,5.31E-06,0.99354126,5.31E-06,1.45E-06,0.000255171
0.052502283,2.65E-06,2.65E-06,0.99862077,2.65E-06,2.31E-06,0.000260812
0.008932609,3.84E-05,3.00E-07,0.99996009,3.00E-07,9.01E-07,0.000158357
0.010056277,2.54E-05,9.46E-07,0.999949433,9.46E-07,1.19E-06,5.05E-05
0.016075263,1.96E-05,0,0.999870775,0,8.65E-07,0.000133896
0.114694712,0.000148659,6.84E-06,0.993400679,6.84E-06,8.18E-07,0.000437281
0.011977784,4.02E-05,2.06E-06,0.999928261,2.06E-06,3.89E-06,5.60E-05
0.014275188,2.18E-05,2.37E-07,0.999898102,2.37E-07,4.95E-07,6.47E-05
0.985728294,0.001461795,5.77E-05,0.168260284,5.77E-05,7.00E-05,0.005104742
0.012973909,1.54E-05,7.36E-07,0.99991583,7.36E-07,8.31E-08,0.000104282
0.023649969,0.000791326,2.17E-05,0.999719465,2.17E-05,2.82E-05,0.00102081
0.030659777,3.16E-05,3.61E-06,0.999529803,3.61E-06,8.12E-07,0.00038715
0.011019832,4.48E-06,8.07E-07,0.999939266,8.07E-07,3.05E-06,0.000165839
0.022884414,2.60E-05,1.16E-06,0.999738117,1.16E-06,1.29E-06,1.29E-05
0.03396816,5.10E-05,1.15E-06,0.999422909,1.15E-06,1.09E-06,9.96E-05
0.0133163,4.43E-06,8.86E-07,0.999911333,8.86E-07,6.06E-07,4.78E-05
0.046194704,0.000176884,6.98E-06,0.998932171,6.98E-06,6.09E-06,0.000732398
0.019535432,1.69E-05,1.97E-06,0.999809161,1.97E-06,9.58E-07,9.43E-05
0.020918192,1.77E-05,7.07E-08,0.999781187,7.07E-08,6.72E-07,8.73E-05
0.023533606,3.37E-05,8.41E-08,0.999723044,8.41E-08,1.25E-06,6.59E-05
0.024340644,1.15E-05,4.33E-07,0.999703722,4.33E-07,1.15E-07,3.85E-05
0.009586405,3.83E-05,9.44E-07,0.999954033,9.44E-07,8.85E-07,0.000176957
0.019861648,3.52E-05,3.08E-07,0.999802703,3.08E-07,2.37E-06,0.000263226
0.027940047,4.57E-06,4.27E-07,0.9996096,4.27E-07,4.27E-07,3.73E-05
0.028699633,8.28E-06,2.48E-06,0.999588076,2.48E-06,1.90E-06,9.92E-05
0.044102949,7.43E-05,6.46E-08,0.999026955,6.46E-08,1.52E-06,0.000261039
0.02197248,1.97E-05,2.79E-06,0.999758565,2.79E-06,2.23E-06,0.000145279
0.720992496,0.002962644,0.000148132,0.692735844,0.000148132,0.000109792,0.016674457
0.05345814,5.61E-05,1.21E-06,0.998570055,1.21E-06,1.34E-06,0.00026503
0.00884986,4.09E-06,2.35E-07,0.999960836,2.35E-07,7.86E-07,7.63E-05
0.010190745,9.55E-06,5.63E-07,0.99994807,5.63E-07,3.18E-07,7.24E-05
0.031073113,7.92E-06,4.95E-07,0.999517114,4.95E-07,2.97E-07,2.18E-05
0.747315742,0.000757615,9.85E-06,0.664466022,9.85E-06,1.14E-06,0.001874339
0.128599809,0.000237959,5.47E-06,0.991694922,5.47E-06,1.19E-05,0.001793022
0.0004736,7.38E-05,1.05E-06,0.999999882,1.05E-06,1.05E-07,7.80E-05
0.039704021,4.85E-05,1.96E-06,0.999211476,1.96E-06,9.27E-07,0.000118104
0.217157556,0.000164897,5.28E-06,0.976136125,5.28E-06,1.65E-06,0.0009132
0.013293608,1.74E-05,5.58E-07,0.999911636,5.58E-07,8.48E-07,1.13E-05
0.014028556,6.14E-06,2.15E-07,0.999901593,2.15E-07,5.43E-07,5.60E-05
0.024515316,5.26E-06,1.46E-06,0.999699449,1.46E-06,1.02E-06,0.000108549
0.014911298,4.44E-06,5.63E-07,0.999888817,5.63E-07,1.04E-07,8.25E-05
0.21578745,0.000111101,4.31E-06,0.976440192,4.31E-06,9.58E-06,0.000562588
0.950499864,0.000645893,1.74E-05,0.310724298,1.74E-05,2.09E-05,3.53E-05
0.03716193,5.42E-05,1.03E-06,0.999309228,1.03E-06,2.27E-06,0.000232366
0.124386221,0.00022329,8.47E-06,0.99223352,8.47E-06,5.02E-06,0.000812309
0.012431552,6.08E-06,3.77E-07,0.99992272,3.77E-07,5.59E-07,0.000107261
0.011520372,2.40E-05,1.75E-06,0.999933619,1.75E-06,9.93E-07,0.000194134
0.03045648,0.000197613,1.12E-06,0.999535835,1.12E-06,8.59E-08,0.00069199
0.005013799,2.74E-05,1.22E-06,0.99998743,1.22E-06,7.85E-07,1.33E-06
0.01489754,1.17E-05,7.23E-07,0.999889025,7.23E-07,1.05E-07,2.45E-05
0.010393806,1.75E-05,7.31E-07,0.999945983,7.31E-07,7.51E-07,4.92E-06
0.036784835,2.25E-05,4.25E-07,0.999323193,4.25E-07,2.37E-06,0.000179189
0.012613674,2.08E-05,3.29E-08,0.999920443,3.29E-08,1.04E-06,5.07E-05
0.00051617,1.78E-05,1.23E-06,0.999999863,1.23E-06,1.23E-06,8.93E-05
0.20549892,8.73E-05,8.73E-07,0.978657091,8.73E-07,1.31E-05,0.000695942
0.009240275,1.55E-05,1.25E-06,0.999957308,1.25E-06,1.00E-06,9.59E-06
0.123382806,8.06E-05,2.79E-06,0.992359097,2.79E-06,5.42E-06,0.00031616
0.015296693,1.25E-05,6.05E-07,0.999882993,6.05E-07,1.12E-06,0.000103582
0.01358727,3.30E-06,3.00E-06,0.999907678,3.00E-06,1.68E-06,0.000144191
0.243237185,0.000184699,1.19E-05,0.969966282,1.19E-05,5.68E-07,0.001024367
0.008485492,0.000572126,1.14E-06,0.999962457,1.14E-06,4.58E-06,0.001659166
0.011688271,1.14E-06,1.04E-06,0.999931687,1.04E-06,9.38E-07,7.21E-05
0.023494843,1.96E-05,6.71E-07,0.999723953,6.71E-07,1.49E-06,9.96E-05
0.042896615,4.54E-05,1.15E-06,0.999079486,1.15E-06,1.82E-06,0.00024495
0.015038869,1.90E-05,9.52E-08,0.99988691,9.52E-08,1.48E-07,4.75E-06
0.009489983,9.61E-06,2.78E-07,0.999954966,2.78E-07,2.24E-07,7.39E-05
0.017518229,2.30E-05,2.21E-06,0.99984653,2.21E-06,1.81E-06,0.000166398
0.004751922,1.08E-05,8.63E-07,0.999988709,8.63E-07,8.95E-07,1.40E-05
0.098489345,8.23E-05,3.29E-06,0.995137973,3.29E-06,8.78E-07,0.000506081
0.02897717,3.99E-05,2.52E-06,0.999580069,2.52E-06,1.57E-06,8.89E-05
0.03546179,3.47E-05,2.55E-07,0.999371029,2.55E-07,1.68E-06,7.70E-05
0.012090104,1.94E-05,1.94E-07,0.999926906,1.94E-07,1.71E-06,0.000108073
0.056611603,0.000169494,7.46E-06,0.998396171,7.46E-06,1.19E-06,0.00042865
0.023863604,0.00034699,8.77E-06,0.999714945,8.77E-06,1.11E-05,0.000660377
0.001427515,2.88E-05,4.93E-07,0.999998979,4.93E-07,6.25E-07,5.45E-05
0.015644373,2.53E-05,3.49E-07,0.999877618,3.49E-07,6.02E-08,4.10E-05
0.015185526,6.89E-06,3.90E-07,0.99988468,3.90E-07,2.76E-07,0.000162181
0.026400534,8.55E-06,1.56E-06,0.99965144,1.56E-06,6.16E-07,0.000103734
0.017094516,9.17E-06,2.41E-07,0.999853875,2.41E-07,6.07E-07,7.68E-05
0.050260004,4.61E-05,1.61E-06,0.998736159,1.61E-06,1.66E-06,0.000120401
0.024891004,1.28E-05,1.11E-06,0.999690171,1.11E-06,2.17E-07,9.19E-07
0.026855514,1.92E-05,1.60E-06,0.999639324,1.60E-06,1.07E-06,5.76E-05
0.020353231,5.98E-05,3.77E-06,0.999792826,3.77E-06,9.66E-07,0.000217358
0.00686634,1.16E-06,4.53E-07,0.999976426,4.53E-07,4.87E-07,5.94E-06
0.004988275,0.000104521,3.80E-06,0.999987425,3.80E-06,2.48E-06,0.00050643
0.023906423,2.79E-05,7.73E-07,0.999714187,7.73E-07,1.74E-06,0.000163571
0.025603559,6.25E-06,5.78E-07,0.99967217,5.78E-07,1.38E-06,9.70E-05
0.010215466,2.79E-05,5.77E-07,0.99994782,5.77E-07,1.67E-06,2.83E-05
0.006206844,0.000247041,4.07E-06,0.999980221,4.07E-06,1.44E-05,0.000985841
0.001107753,1.05E-06,9.75E-07,0.999999386,9.75E-07,2.10E-07,6.71E-06
0.011367405,1.33E-05,6.98E-07,0.999935388,6.98E-07,2.44E-07,3.45E-05
0.025882745,2.76E-05,1.98E-06,0.999664888,1.98E-06,3.96E-06,0.000440705
0.015985116,2.47E-05,7.31E-07,0.999872225,7.31E-07,7.87E-08,9.36E-05
0.161159381,0.000278247,4.17E-06,0.986927812,4.17E-06,1.21E-05,0.001034571
0.004819396,4.96E-05,1.21E-06,0.999988375,1.21E-06,7.44E-08,0.000143792
0.031827313,3.74E-05,1.04E-06,0.99949337,1.04E-06,8.16E-07,0.000156206
0.004182716,2.03E-05,6.21E-07,0.999991252,6.21E-07,5.42E-07,9.32E-06
0.004274871,8.19E-06,6.24E-07,0.999990862,6.24E-07,9.42E-07,3.17E-05
0.030161117,2.39E-05,1.61E-06,0.99954504,1.61E-06,7.68E-07,0.000136018
0.011225273,9.11E-06,1.01E-07,0.999936992,1.01E-07,1.01E-07,7.21E-05
0.028407115,3.64E-05,1.22E-06,0.999596431,1.22E-06,1.59E-06,9.98E-05
0.005152703,4.20E-05,6.92E-07,0.999986724,6.92E-07,2.47E-06,1.28E-05
0.377210687,0.000389813,7.11E-06,0.926127173,7.11E-06,5.96E-06,0.000636771
0.011233254,2.72E-05,1.13E-06,0.999936903,1.13E-06,4.79E-07,4.95E-05
0.014508216,6.70E-06,2.28E-07,0.999894747,2.28E-07,1.09E-06,8.31E-05
0.044092407,1.99E-05,1.57E-06,0.999027456,1.57E-06,1.62E-06,4.79E-05
0.029788747,8.78E-05,2.41E-06,0.999556177,2.41E-06,1.45E-06,0.00026724
0.040060213,4.32E-05,3.99E-07,0.999197252,3.99E-07,2.66E-07,0.000173251
0.005156357,2.09E-06,6.08E-07,0.999986694,6.08E-07,1.65E-06,0.000154371
0.030113207,3.53E-05,1.04E-06,0.999546485,1.04E-06,7.23E-07,0.000131272
0.018187031,4.18E-05,1.15E-06,0.999834596,1.15E-06,4.18E-07,0.000100091
0.003374181,9.31E-06,0,0.999994306,0,3.17E-07,4.75E-05
0.008396565,2.18E-05,1.09E-06,0.999964747,1.09E-06,3.32E-07,5.44E-05
0.068552257,7.39E-05,6.86E-07,0.997647429,6.86E-07,1.37E-06,0.000435602
0.042170873,3.98E-05,1.84E-06,0.999110371,1.84E-06,4.90E-07,0.000288252
0.022083465,4.68E-05,8.65E-07,0.999756113,8.65E-07,7.01E-07,0.000179241
0.034864668,3.18E-05,1.87E-06,0.999392028,1.87E-06,2.12E-07,0.000165323
0.012692668,2.31E-05,8.38E-08,0.999919443,8.38E-08,1.30E-06,4.89E-05
0.010157662,5.28E-06,1.06E-07,0.99994841,1.06E-07,5.07E-07,4.32E-06
0.023304285,1.94E-06,1.26E-06,0.999728418,1.26E-06,8.94E-07,3.44E-06
0.002784683,2.67E-05,2.20E-07,0.999996119,2.20E-07,1.01E-06,8.82E-05
0.033188886,3.90E-05,1.50E-07,0.999449092,1.50E-07,1.47E-06,9.49E-05
0.021742572,3.35E-06,4.69E-07,0.9997636,4.69E-07,4.02E-07,6.60E-05
0.031576278,1.94E-05,2.27E-07,0.999501342,2.27E-07,1.49E-06,8.07E-05
0.017397381,3.13E-06,3.96E-07,0.999848654,3.96E-07,5.00E-07,1.35E-05
0.012904129,1.32E-06,9.39E-07,0.999916734,9.39E-07,3.70E-07,9.33E-05
0.022482004,1.07E-05,1.50E-06,0.999747217,1.50E-06,2.57E-06,0.000249847
0.099511868,0.000112794,7.29E-06,0.99503625,7.29E-06,4.86E-06,0.000485362
0.006648053,1.15E-05,8.60E-07,0.999977896,8.60E-07,7.55E-07,9.89E-05
0.030141397,4.56E-05,1.30E-06,0.999545632,1.30E-06,6.07E-07,0.000156329
0.005922164,3.84E-05,1.25E-06,0.999982462,1.25E-06,1.21E-06,4.11E-05
0.019137023,3.04E-05,1.41E-06,0.999816859,1.41E-06,6.26E-07,0.000145058
0.003220162,4.21E-05,1.39E-06,0.99999479,1.39E-06,1.74E-07,0.000220524
0.039055801,4.52E-05,5.77E-07,0.999237017,5.77E-07,1.58E-06,0.000161015
0.967146691,0.001394503,0.000110011,0.253799541,0.000110011,6.66E-05,0.014529172
0.070728827,9.96E-05,6.29E-07,0.997495459,6.29E-07,3.93E-06,0.000481456
0.002473961,2.58E-05,6.33E-07,0.999996935,6.33E-07,1.09E-06,9.61E-05
0.019304038,1.73E-05,1.98E-07,0.999813655,1.98E-07,1.23E-06,9.07E-05
0.022910465,3.14E-06,3.92E-07,0.999737519,3.92E-07,1.27E-06,5.22E-05
0.060366848,3.92E-05,1.53E-06,0.998176245,1.53E-06,4.31E-07,0.000161344
0.037356364,2.01E-06,1.69E-06,0.999302002,1.69E-06,3.21E-07,0.000101092
0.361132191,0.000257372,5.88E-06,0.932513736,5.88E-06,1.58E-05,0.001267557
0.003671247,1.04E-05,7.49E-07,0.99999326,7.49E-07,1.87E-06,3.66E-05
0.017012018,1.16E-05,4.02E-07,0.999855284,4.02E-07,2.01E-07,4.01E-05
0.010277985,6.59E-05,6.76E-06,0.999947155,6.76E-06,1.32E-06,0.000214159
0.025894613,0.000127075,5.15E-06,0.999664573,5.15E-06,6.10E-06,0.000439935
0.074440779,4.48E-05,9.41E-06,0.997225046,9.41E-06,5.38E-06,0.000880849