cpr,ot,er,stake,wr,sr,exec
3793.82,10,0.94,802000,0.94,0.09,22.08
7176.12,15,0.03,116650,0.03,0.57,16.44
2422.9,7,0.83,61470,0.83,0.32,53.69
10567.3,6,0.9,81510,0.9,0.62,51.9
16288.19,5,0.35,662212,0.35,0.28,77.3
4088.61,9,0.33,625412,0.33,0.73,97.42
5547.13,22,0.48,320921,0.48,0.99,35.74
19330.24,22,0.13,205902,0.13,0.41,15.76
13786.27,14,0.77,334847,0.77,0.87,96.05
12198.95,1,0.45,386674,0.45,0.6,37.65
17357.03,12,0.05,838996,0.05,0.85,36.33
10057.38,21,0.29,266943,0.29,0.07,53.33
13807.62,2,0.1,705194,0.1,0.26,32.89
9746.7,3,0.44,385680,0.44,0.63,16.71
13461.22,18,0.65,984315,0.65,0.22,59.26
16792,4,0.97,220781,0.97,0.23,96.63
13486.36,6,0.86,246016,0.86,0.58,35.54
9332.54,17,0.26,711325,0.26,0.85,40.38
18590.22,19,0.52,574335,0.52,0.44,85.22
4876.84,17,0.04,244771,0.04,0.79,41.76
8487.38,2,0.74,572694,0.74,0.41,82.96
18997.57,6,0.76,687301,0.76,0.98,22.93
11907.45,3,0.95,933776,0.95,0.78,28.42
2553.14,17,1,476084,1,0.63,9.04
18843.13,17,0.83,403914,0.83,0.72,71.32
18798.53,13,0.48,638166,0.48,0.07,41.57
3929.12,2,0.91,59709,0.91,0.65,94.34
2223.64,12,0.9,905873,0.9,0.47,52.77
15889.35,1,0.19,270387,0.19,0.99,44.57
19639.7,3,0.55,968196,0.55,0.3,12.92
17037.35,22,0.52,676817,0.52,0.51,3.25
14822.75,23,0.66,158478,0.66,0.7,25.4
18341.02,15,0.41,552886,0.41,0.93,16.79
6596.43,9,0.73,763824,0.73,0.93,51.57
14927.78,17,0.22,370988,0.22,0.67,45.74
18559.32,12,0.77,13798,0.77,0.82,26.54
10983.45,15,0.52,929891,0.52,0.79,21.15
15948.07,19,0.77,165058,0.77,0.57,85.65
2863.27,11,0.52,34031,0.52,0.5,40.32
12191.88,8,0.03,339143,0.03,0.22,64.93
1130.86,8,0.36,469834,0.36,0.93,68.85
8287.71,19,0.33,651746,0.33,0.66,37.32
4048.39,5,0.72,894173,0.72,0.03,80.18
7102.11,11,0.15,372822,0.15,0.2,83.86
12538.69,13,0.26,681232,0.26,0.02,99.68
1229.92,14,0.06,920726,0.06,0.88,57.03
13942.68,4,0.44,819308,0.44,0.97,78.18
9147.9,13,0.1,745256,0.1,0.95,92.76
16170.69,24,0.04,327072,0.04,0.81,6.87
13699.71,12,0.48,738528,0.48,0.53,40.64
19977.19,17,0.28,847215,0.28,0.65,22.08
11135.63,9,0.88,713200,0.88,0.72,58.28
129.46,12,0.68,83074,0.68,0.6,25.59
1146.01,12,0.76,319591,0.76,0.17,41.95
2640.9,10,0.26,933077,0.26,0.93,89.97
10299.88,2,0.19,396211,0.19,0.45,45.49
4351.11,13,0.97,815226,0.97,0.41,76.88
18047.54,13,0.83,374192,0.83,0.39,89.99
11766.66,9,0.21,573417,0.21,0.75,83.02
15996.48,1,0.42,827637,0.42,0.54,26.84
5328,18,0.38,170556,0.38,0.53,8.66
1885.59,23,0.6,174035,0.6,0.18,15.07
9848.89,23,0.16,101382,0.16,0.91,11.95
10091.45,23,0.94,889910,0.94,0.91,38.82
8151.59,3,0.2,424930,0.2,0.94,58
15273.59,18,0.38,751880,0.38,0.3,80.36
11566.39,4,0.02,81593,0.02,0.89,41.41
16835.14,8,0.94,232625,0.94,0.39,27.02
809.24,22,0.69,977306,0.69,0.19,52.89
16969.39,8,0.65,188836,0.65,0.66,18.05
13318.94,9,0.55,194895,0.55,0.81,84.17
9817.45,13,0.02,170221,0.02,0.91,76.18
1684.1,13,0.39,754355,0.39,0.59,29.67
14368.81,16,0.63,106,0.63,0.63,76.15
3360.88,19,0.92,428049,0.92,0.66,6.56
476.23,15,0.28,593528,0.28,0.35,14.37
16051.71,17,0.42,667945,0.42,0.03,6.78
10703.83,9,0.13,37253,0.13,0.75,2.8
1651.19,15,0.76,597817,0.76,0.72,57.26
14551.36,9,0.15,453945,0.15,0.9,23.95
6108.28,4,0.69,197988,0.69,0.66,65.8
3162.06,2,0.9,707673,0.9,0.98,82.51
3767.26,23,0.78,950974,0.78,0.89,2.35
4180.31,8,0.89,715921,0.89,0.46,52.06
7454.08,7,0.83,9633,0.83,0.01,90.89
1954.07,3,0.98,917585,0.98,0.37,80.52
19665.17,5,0.51,560126,0.51,0.71,48.43
10580.3,19,0.06,813247,0.06,0.45,34.86
16355.36,9,0.7,637989,0.7,0.19,36.02
1750.41,18,0.65,725148,0.65,0.22,16.14
3765.23,21,0.24,355513,0.24,0.49,40.56
18361.14,18,0.98,619290,0.98,0.83,92.47
9085.34,24,1,952138,1,0.61,62.86
1978.05,13,0.83,5305,0.83,0.97,9.46
17998.75,13,0.62,141439,0.62,0.09,93.96
9818.77,3,0.93,678956,0.93,0.54,18.08
19444.25,18,0.64,114374,0.64,0.16,31.09
10108.97,7,0.78,328409,0.78,0.84,55.6
15097.08,23,0.15,871357,0.15,0.67,71.09
1532.72,4,0.63,816048,0.63,0.97,33.32
1812.12,19,0.61,519158,0.61,0.9,69.62
19355.61,18,0.85,889626,0.85,0.61,2.99
11847.3,22,0.95,860973,0.95,0.61,70.33
5409.39,1,0.64,619862,0.64,0.67,52.36
15496.46,7,0.43,196811,0.43,0.86,68.5
19759.31,16,0.39,322543,0.39,0.62,63.15
19943.44,18,0.08,448405,0.08,0.8,91.73
18741.75,3,0.43,836469,0.43,0.66,51.49
18357.74,15,0.35,878469,0.35,0.34,53.48
8249.52,7,0.47,882398,0.47,0.97,44.1
5058.16,21,0.42,406086,0.42,0.46,32.18
19006.64,24,0.12,806220,0.12,0.72,44.63
1239.17,4,0.75,529870,0.75,0.39,54.51
10733.98,19,0.71,278831,0.71,0.28,67.08
4491.41,21,0.43,129434,0.43,0.42,67.67
11875.99,18,0.23,565988,0.23,0.39,60.91
9827.87,22,0.69,411610,0.69,0.4,81.27
14370.97,18,0.82,745351,0.82,0.91,63.05
7444.43,22,0.52,127711,0.52,0.36,72.82
1251.4,9,0.34,323935,0.34,0.58,35.77
4030.56,16,0.77,850638,0.77,0.76,92.3
6771.54,15,0.64,360314,0.64,0.78,1.08
8410.71,5,0.69,394933,0.69,0.08,21.85
11078.96,8,0.48,286682,0.48,0.08,84.9
13648.49,23,0.77,47549,0.77,0.38,99.85
9273.61,16,0.18,377340,0.18,0.93,26.52
17875.74,1,0.13,602499,0.13,0.56,0.31
5721.78,4,0.95,262664,0.95,0.04,66.77
6833.57,16,0.06,295684,0.06,0.51,89.02
6209.61,21,0.23,143628,0.23,0.38,54.79
6417.58,2,0.36,993711,0.36,0.42,54.62
4576.42,21,0.59,655442,0.59,0.52,50.68
4762.32,19,0.97,707991,0.97,0.71,68.09
3012.66,9,0.17,286583,0.17,0.4,92.55
9185.65,18,0.42,633129,0.42,0.2,36.22
8784.15,16,0.8,378677,0.8,0.28,60.64
5376.64,23,0.2,174245,0.2,0.1,27.07
6619.01,10,0.33,241520,0.33,0.3,69.54
17136.98,17,0.6,191550,0.6,0.96,64.84
13385.04,12,0.31,202299,0.31,0.83,1.37
17983.57,18,0.75,486163,0.75,0.14,57.56
19669.11,17,0.15,49016,0.15,0.9,80.01
1870.92,3,0.41,736429,0.41,0.12,86.16
15133.73,18,0.13,110756,0.13,0.74,30.54
17477.49,16,0.36,462941,0.36,0.2,35.31
12439.54,6,0.9,1584,0.9,0.44,70.39
7629.01,3,0.22,144862,0.22,0.34,26.67
12606.76,3,0.47,862851,0.47,0.5,50.49
18982.73,9,0.94,84554,0.94,0.74,69.66
5941.89,21,0.57,895204,0.57,0.78,64.06
914.2,21,0.17,470734,0.17,0.45,48.67
8863.49,10,0.76,476761,0.76,0.05,2.85
673.23,9,0.93,327009,0.93,0.95,60.21
8852.42,17,0.06,296804,0.06,0.17,90.92
1374.77,23,0.05,265258,0.05,0.39,83.49
3981.32,6,0.62,37838,0.62,0.54,56.41
1206.2,8,0.19,768553,0.19,0.24,94.28
2696.91,16,0.32,485984,0.32,0.28,24.13
6185.86,22,0.42,410248,0.42,0.94,36.98
1949.58,15,0.93,254864,0.93,0.21,68.63
6682.12,18,0.63,234563,0.63,0.89,46.89
11012.39,24,0.85,492942,0.85,0.66,43.99
15103.46,16,0.51,487549,0.51,0.96,51.3
9878.8,2,0.48,73299,0.48,0.19,40.66
10573.9,23,0.38,904643,0.38,0.64,87.02
2202.06,11,0.57,883115,0.57,0.57,60.17
5771.52,17,0.39,663720,0.39,0.07,63.72
1637.13,24,0.15,885336,0.15,0.49,13.47
7736.95,19,0.74,707917,0.74,0.46,73.37
11896.43,20,0.2,484377,0.2,0.11,38.02
17262.1,16,0.14,947523,0.14,0.62,98.83
12996.31,19,0.94,928328,0.94,0.88,47.83
9968.01,11,0.56,84733,0.56,0.69,86.86
12368.04,21,0.27,945079,0.27,0.2,19.26
18884.2,8,0.49,483240,0.49,0.5,68.28
15599.3,20,0.18,501107,0.18,0.3,93.45
2539.27,8,0.17,228499,0.17,0.25,36.26
5533.76,13,0.79,949512,0.79,0.05,81.68
3630.04,4,0.1,549091,0.1,0.13,18.61
6927.55,6,0.03,778874,0.03,0.4,37.51
13532.81,20,0.44,546768,0.44,0.98,83.07
19689.91,4,0.47,248057,0.47,0.01,29.13
16450.1,16,0.92,902639,0.92,0.18,29.28
18124.89,10,0.27,368219,0.27,0.02,84.24
16222.54,1,0.53,539321,0.53,0.63,96.25
839.32,13,0.27,247951,0.27,0.52,14
1908.5,8,0.08,418664,0.08,0.07,32.67
14496.77,2,0.42,721733,0.42,0.99,52.57
6124.1,2,0.31,251252,0.31,0.29,44.47
17452.61,4,0.13,996726,0.13,0.01,16.48
11164.01,19,0.61,615734,0.61,0.1,93.97
17451.93,24,0.82,156872,0.82,0.81,10.83
11809.78,10,0.25,109114,0.25,0.07,81.98
10438.42,24,0.57,349077,0.57,0.32,21.33
7971.25,22,0.4,545818,0.4,0.13,94.34
5324.04,21,0.37,473979,0.37,0.91,89.35
8313.02,3,0.39,309956,0.39,0.75,45.43
3551.03,5,0.88,674375,0.88,0.82,87.66
11749.59,9,0.42,715071,0.42,0,83.26
16570.38,13,0.34,480711,0.34,0.65,20.32
13713.34,2,0.67,159653,0.67,0.01,29.79
4857.78,9,0.24,844265,0.24,0.23,73.16
16591.11,10,0.61,199403,0.61,0.07,16.01
635.71,20,0.11,223614,0.11,0.67,52.37
12572.13,18,0.05,649863,0.05,0.57,38.32
223.98,1,0.61,125651,0.61,0.22,40.58
2635.62,9,0.74,233872,0.74,0.39,52.64
5569.95,22,0.98,73224,0.98,0.46,14.2
1541.21,19,0.1,167398,0.1,0.43,64.53
17916.42,7,0.53,745666,0.53,0.51,36.25
3661.61,1,0.57,979120,0.57,0.56,9.72
14959.02,17,0.12,188152,0.12,0.06,92.29
13053.44,10,0.31,824724,0.31,0.78,93.35
11892.56,24,0.53,557309,0.53,0.54,0.01
1710.51,8,0.03,116758,0.03,0.33,64.8
7665.25,6,0.41,414069,0.41,0.31,27.03
2347.11,22,0.29,329912,0.29,0.81,97.97
8936.16,19,0.99,287126,0.99,0.03,66.43
12128.45,15,0.38,696930,0.38,0.79,98.45
4346.2,13,0.44,907763,0.44,0.71,87.78
17206.8,13,0.5,661753,0.5,0.19,28.47
5759.41,4,0.17,247719,0.17,0.13,28.08
13941.01,8,0.15,822431,0.15,0.4,3.32
11296.08,2,0.34,67441,0.34,0.31,26.76
18263.92,3,0.09,373584,0.09,0.67,12.29
14927.34,19,0.28,846917,0.28,0.93,29.98
9061.02,1,0.85,916262,0.85,0.41,14.05
17044.54,22,0.05,792611,0.05,0.38,15.02
5250.48,8,0.38,423013,0.38,0.37,84.71
15179.95,19,0.12,94454,0.12,0.33,24.57
4065.28,6,0.32,914285,0.32,0.12,34.39
16246.37,14,0.23,164153,0.23,0.19,70.05
1690.76,4,0.8,841843,0.8,0.43,45.76
16816.5,20,0.41,395756,0.41,0.79,79.74
15935.59,21,0.67,223811,0.67,0.15,80.44
18855.28,3,0.93,604415,0.93,0.56,63.58
5780.29,22,0.06,482354,0.06,0.7,60.69
8245.54,22,0.06,683863,0.06,0.41,8.5
2721.27,7,0.68,922605,0.68,0.09,36.77
11174.57,6,0.57,530714,0.57,0.4,99.45
5646.36,21,0.52,517447,0.52,0.49,29.89
12712.76,16,0.93,918117,0.93,0.22,77.81
19563.94,4,0.71,111920,0.71,0.44,27.5
18659.58,5,0.53,907172,0.53,0.4,77.7
3789.58,24,0.53,548159,0.53,0.22,68.56
16283.77,16,0.6,872958,0.6,0.71,13.47
15996.43,7,0.14,151680,0.14,0.25,56.28
4210.21,13,0.43,503705,0.43,0.09,18.84
4403.52,7,0.44,116058,0.44,0.81,38.24
4012.99,19,0.85,176432,0.85,0.81,59.78
11015.69,12,0.02,449056,0.02,0.41,64.08
5197.74,1,0.17,960975,0.17,0.1,90.31
7517.42,11,0.79,125947,0.79,0.23,12.22
18299.22,11,0.04,98449,0.04,0.37,87.07
6978.76,22,0.08,983935,0.08,0.96,8.83
17390.74,16,0.89,502492,0.89,0.41,71.23
2329.02,12,0.51,153645,0.51,0.79,51.67
7042.12,21,0.69,733687,0.69,0.86,15.14
19733.31,18,0.68,445788,0.68,0.53,39.35
11731.45,5,0.76,604701,0.76,0.57,77.34
13451.99,14,0.22,384084,0.22,0.95,12.67
12777.5,15,0.29,437323,0.29,0.43,25.25
14619.22,3,0.54,354825,0.54,0.57,77.02
19993.27,14,0.83,232912,0.83,0.01,47.7
15007.69,7,0.18,338127,0.18,0.35,74.56
12970.52,11,0.99,972085,0.99,0.58,33.03
1668.42,6,0.15,478477,0.15,0.02,91.58
16243.11,16,0.04,485863,0.04,0.04,63.45
12301.41,14,0.46,803875,0.46,0.91,42.86
262.97,24,0.68,332217,0.68,0.47,99.65
2313.68,11,0.09,597826,0.09,0.28,12.38
4709.78,14,0.82,427061,0.82,0.53,77.85
9418.8,13,0.85,768980,0.85,0.59,43.16
15314.98,7,0.03,983915,0.03,0.8,79.03
11386.09,22,0.93,679523,0.93,0.28,55.16
9631.28,16,0.28,539519,0.28,0.32,61.73
15859.92,19,0.99,240738,0.99,0.41,49.92
8255.35,6,0.3,456561,0.3,0.15,61.82
11501.44,2,0.51,395725,0.51,0.86,96.95
7653.86,17,0.89,766218,0.89,0.66,99.53
17688.53,14,0.36,879961,0.36,0.93,57.26
15625.32,24,0.7,304600,0.7,0.16,43.07
11486.14,19,0.67,985942,0.67,0.19,34.53
18275.78,1,0.46,825292,0.46,0.27,60.5
17775.62,20,0.17,926025,0.17,0.45,53.62
14548.95,5,0.75,594258,0.75,0.75,48.13
18590.08,6,0.08,315095,0.08,0.02,57.24
2134.36,13,0.89,588539,0.89,0.47,52.01
13217.78,16,0.33,644636,0.33,0.62,34.26
19858.9,7,0.99,803914,0.99,0.46,67.29
17053.9,24,0.13,269909,0.13,0.13,38.58
9171.67,23,0.96,100860,0.96,0.27,32.91
2184.24,4,0.31,271556,0.31,0.05,72.05
5823.05,5,0.27,954723,0.27,0.79,44.1
13493.18,13,0.2,882778,0.2,0.97,80.49
17390.53,18,0.62,761306,0.62,0.54,71.13
1653.36,4,0.57,18583,0.57,0.93,63.2
12546.04,22,0.3,501851,0.3,0.46,34.51
5286.76,14,0.48,713333,0.48,0.04,34.74
18289.51,14,0.26,574752,0.26,0.91,14.72
18675.23,20,0.09,425821,0.09,0.16,8.11
5757.33,10,0.82,514507,0.82,0.24,68.85
1193.11,3,0.31,4989,0.31,0.77,43.67
18941.02,11,0.99,674758,0.99,0.57,28.02
4433.18,16,0.36,199700,0.36,0.09,28.11
13995.73,21,0.36,475456,0.36,0.01,42.46
12793.21,23,0.84,711687,0.84,0.4,15.09
11741.98,23,0.59,935375,0.59,0.25,82.05
18978.31,5,0.18,31547,0.18,0.59,84.14
18718.44,3,0.79,543116,0.79,0.34,90.09
6463.51,3,0.38,8431,0.38,0.13,44.52
6248.95,8,0.45,205121,0.45,0.17,78.77
19713.73,6,0.93,41619,0.93,0.34,0.61
18880.41,17,0.98,463097,0.98,0.24,54.32
19068.85,5,0.16,712997,0.16,0.8,44.69
4205.28,9,0.37,38132,0.37,0,50.32
12952.03,14,0.43,865532,0.43,0.68,71.84
3769.35,17,0.14,903385,0.14,0.68,10.67
9855.1,8,0.42,69120,0.42,0.65,6.88
10962.34,4,0.15,731304,0.15,0.45,59.7
16816.46,4,0.45,50876,0.45,0.87,44.98
5220.93,23,0.61,403684,0.61,0.83,12.88
9946.46,19,0.35,827105,0.35,0.86,95.01
15788.43,2,0.07,757460,0.07,0.77,4.18
7724.01,13,0.7,383656,0.7,0.91,89.33
13728.03,7,0.84,49851,0.84,0.76,56.96
1265.07,17,0.88,610201,0.88,0.17,14.81
6356.36,4,0.3,194336,0.3,0.54,39.19
300.72,8,0.23,215735,0.23,0.09,58.19
750.37,1,0.14,673603,0.14,1,41.5
10478.36,17,0.69,597726,0.69,0.52,23.07
1526.02,9,0.31,535804,0.31,0.24,68.23
13130.08,10,0.4,508808,0.4,0.06,39.08
11282.06,17,0.38,154724,0.38,0.35,45.1
11962.31,15,0.41,917375,0.41,0.14,61.14
19772.41,9,0.65,380464,0.65,0.57,11.9
17858.92,20,0.38,974289,0.38,0.23,25.5
17650.59,6,0.55,292075,0.55,0.47,46.5
3500.57,17,0.71,362133,0.71,0.82,98.72
19768.33,23,0.95,830499,0.95,0.33,24.66
12888.91,11,0.56,238581,0.56,0.47,55.87
4240.28,11,0.84,127798,0.84,0.66,13.29
14610.24,2,0.7,203641,0.7,0.09,97.96
5192.01,5,0.87,814567,0.87,0.13,50.34
17024.63,7,0.81,577507,0.81,0.58,15.53
17330.3,23,0.33,511207,0.33,0.69,50.22
13396.51,13,0.34,17500,0.34,0.99,69.14
10462.46,3,0.26,914560,0.26,0.42,80.06
8706.64,14,0.43,520648,0.43,0.96,13.55
1103.43,9,0.06,773987,0.06,0.78,55.77
10484.45,3,0.74,641630,0.74,0.06,7.55
15986.47,9,0.67,483559,0.67,0.19,97.02
11602.6,19,1,142369,1,0.11,56.32
13163.27,18,0.88,705010,0.88,0.55,52.58
13835.29,6,0.49,804415,0.49,0.9,51.3
6504.13,21,0.83,369665,0.83,0.59,92.38
11924.98,14,0.56,469472,0.56,0.74,91.26
10044.67,6,0.89,543674,0.89,0.14,20.81
349.39,12,0.38,423773,0.38,0.62,12.75
5123.71,11,0.48,337037,0.48,0.15,55.13
8262.17,8,0.51,592259,0.51,0.58,10.98
701.24,12,0.41,359207,0.41,0.26,85.21
15503.3,7,0.37,793645,0.37,0.72,23.14
4893.04,21,0.49,74556,0.49,0.01,47.25
14490.16,20,0.8,84818,0.8,0.14,1.44
6423.69,21,0.01,350094,0.01,0.46,23.53
4984.48,23,0.71,840412,0.71,0.47,53.79
18934.59,4,0.37,721896,0.37,0.51,8.53
9676.13,24,0.48,695478,0.48,0.7,77.44
14339.37,2,0.09,628430,0.09,0.89,48.41
12424.72,23,0.71,808455,0.71,0.08,36.56
18521.61,2,0.91,898347,0.91,0.32,43.88
13736.47,21,0.62,877954,0.62,0.53,48.17
822.81,11,0.04,278993,0.04,0.76,60.66
12905.64,3,0.53,146490,0.53,0.9,24.92
10386.54,13,0.95,828938,0.95,0.54,59.98
9681.52,16,0.76,23316,0.76,0.44,91.66
1322.03,6,0.76,777886,0.76,0.64,56.78
1073.75,10,0.46,59099,0.46,0.54,39.71
15380.19,22,0.34,294647,0.34,0.26,63.37
16555.8,9,0.49,37595,0.49,0.61,17.84
9868.78,7,0.41,835385,0.41,0.88,57.33
9660.25,24,0.08,950678,0.08,0.25,4.49
4046.25,8,0.6,182170,0.6,0.17,51.68
1378.86,11,0.88,885885,0.88,0.81,95.16
1772,7,0.16,864784,0.16,0.54,4.44
11222.34,6,0.36,363140,0.36,0.33,10.25
701.49,14,0.73,838656,0.73,0.36,76.44
15344.5,13,0.43,471162,0.43,0.64,32.08
257.52,10,0.42,178184,0.42,0.27,85.86
2580.94,16,0.12,760007,0.12,0.38,14.29
16474.03,15,0.97,288421,0.97,0.04,62.74
2328.57,2,0.25,219761,0.25,0.46,11.95
5344.82,23,0.95,657161,0.95,0.78,68.81
5600.96,15,0.39,961408,0.39,0.79,68.99
223.31,10,0.49,606354,0.49,0.74,22.22
9871.94,11,0.49,803309,0.49,0.11,95.59
7767.8,15,0.97,276936,0.97,0.25,54.54
17071.23,20,0.48,446490,0.48,0.53,63.66
790.47,5,0.38,907655,0.38,0.43,13.58
2740.59,11,0.01,900064,0.01,0.57,17.24
7784.43,15,0.72,552691,0.72,0.98,41.54
1151.33,24,0.68,992415,0.68,0.5,94.57
8317.69,2,0.66,985355,0.66,0.83,17.01
15054.14,1,0.51,438019,0.51,0.34,32.54
11525.77,16,0.56,178660,0.56,0.64,76.53
5122.56,2,0.29,695899,0.29,0.58,71.42
19622.47,2,0.07,703159,0.07,0.57,22.63
7893.46,22,0.54,493462,0.54,0.33,70.27
14657.76,18,0.41,581906,0.41,0.66,8.83
287.59,18,0.17,451221,0.17,0.9,76.05
5846.88,9,0.99,719449,0.99,0.99,78.43
4609.46,2,0.29,380591,0.29,0.08,19.55
11284.21,21,0.21,330636,0.21,0.66,98.69
16851.64,9,0.56,7701,0.56,0.17,29.89
9843.54,1,0.92,373360,0.92,0.28,10.27
14068.49,24,0.29,753924,0.29,0.14,24.03
19160.55,20,0.45,510280,0.45,0.16,59.77
926.83,9,0.13,526290,0.13,0.38,83.23
9431.21,3,0,577751,0,0.99,17.82
18505.21,2,0.73,601296,0.73,0.3,81.29
12069.27,4,0.61,211649,0.61,0.9,5.36
11831.82,21,0.37,903231,0.37,0.66,97.46
7250.86,9,0.75,438137,0.75,0.22,92.68
13742.29,4,0.07,289608,0.07,0.12,83.16
8283.62,16,0.44,442366,0.44,0.47,0.95
10112.16,4,0.42,331713,0.42,0.35,48.33
9183.47,13,0.68,453825,0.68,0.12,35.14
2174.32,18,0.55,590481,0.55,0.12,24.64
2430.65,20,0.89,297593,0.89,0.91,16.46
9284.03,1,0.86,30649,0.86,0.36,88.02
18108.65,24,0.5,384804,0.5,0.95,80.98
5771.44,6,0.06,689794,0.06,0.91,95.04
18484.9,20,0.78,176344,0.78,0.52,13.79
8213.9,2,0.75,701652,0.75,0.58,52.55
11443.56,8,0.07,218225,0.07,0.97,21.74
3362,20,0.63,372926,0.63,0.11,56.27
9948.21,7,0.31,885037,0.31,0.63,1.05
1968.73,2,0.6,848099,0.6,0.65,95.37
2644.9,16,0.32,802254,0.32,0.2,36.63
6412.46,9,0.84,528827,0.84,0.95,36.67
7949.97,20,0.11,562679,0.11,0.08,30.18
1202.49,19,0.21,48496,0.21,0.8,96.47
4135.36,5,0.98,134680,0.98,0.88,89.15
15607.5,14,0.63,919996,0.63,0.69,31.55
4714.54,13,0.81,118920,0.81,0.65,62.11
8935.47,18,0.6,887555,0.6,0.52,57.24
18307.52,2,0.1,567688,0.1,0.35,54.65
1366.96,9,0.53,4542,0.53,0.96,13.06
9968.45,8,0.2,738104,0.2,0.55,82.37
9052.51,1,0.11,675049,0.11,0.27,39.48
3650.1,7,0.45,749770,0.45,0.67,92.05
11592.39,16,0.2,27358,0.2,0.24,66.44
1899.13,15,0.5,625384,0.5,0.07,60.04
10702.99,2,0.28,477615,0.28,1,10.01
5446.39,20,0.5,788078,0.5,0.63,75.9
14157.58,1,0.23,224119,0.23,0.56,89.18
7892.75,2,0.64,125254,0.64,0.48,44.31
126.62,5,0.01,563310,0.01,0.92,52.17
6472.45,7,0.11,254439,0.11,0.15,2.64
10182.09,12,0.06,871177,0.06,0.51,55.27
3400.12,4,0.09,196742,0.09,0.4,45.66
16844.65,3,0.57,667887,0.57,0.58,76.88
19120.26,5,0.49,207097,0.49,0.74,20.28
17823.69,17,0.36,938911,0.36,0.97,47.87
11748.88,17,0.2,257579,0.2,0.53,61.55
11877.74,22,0.95,670707,0.95,0.02,84.14
9031.21,12,0.52,242025,0.52,0.23,24
2761,11,0.36,264628,0.36,0.96,25.9
13527.03,15,0.74,988967,0.74,0.64,53.52
10111.37,2,0.89,335068,0.89,0.14,77.35
18006.12,21,0.61,524003,0.61,0.35,72.62
5918.6,8,0.75,698169,0.75,0.32,2.68
4083.5,11,0.87,838842,0.87,1,44.17
16771.03,8,0.24,629668,0.24,0.09,16.52
2413.1,19,0.07,243878,0.07,0.89,35.92
9849.68,23,0.93,403139,0.93,0.8,87.27
17459.35,2,0.78,611481,0.78,0.51,37.39
12841.59,10,0.24,34792,0.24,0.07,80.92
1059.77,3,0.49,801087,0.49,0.1,91.61
1647.07,4,0.23,156668,0.23,0.79,51.26
10798.53,5,0.25,520288,0.25,0.97,4.01
7099.17,4,0.73,864194,0.73,0.56,76.06
2534.09,5,0.44,997558,0.44,0.93,56.98
4777.25,2,0.44,78633,0.44,0.72,61.64
16349.91,8,0.1,971378,0.1,0.59,84.77
406.4,9,0.59,258573,0.59,0.41,46.78
12750.26,16,0.9,266006,0.9,0.41,57.4
12086.36,8,0.26,884664,0.26,0.61,79.21
13466.37,6,0.45,70578,0.45,0.14,91.77
6182.68,9,0.21,44019,0.21,0.45,7.81
8693.26,11,0.98,836894,0.98,0.08,15.15
11008.54,8,0.28,696522,0.28,0.79,40.76
19931.15,14,0.67,191140,0.67,0.82,89.84
4118.6,8,0.61,603079,0.61,0.66,91.97
4412.21,23,0.31,318657,0.31,0.33,69.27
10001.34,7,0.68,240652,0.68,0.98,62.69
2999.09,5,0.77,156580,0.77,0.36,97.43
9571.82,15,0.29,607609,0.29,0.95,5.46
18237.77,24,0.41,788252,0.41,0.75,85.22
18770.37,3,0.85,453552,0.85,0.53,76.59
16751.05,20,0.24,169657,0.24,0.14,69.44
4261.45,3,0.73,707307,0.73,0.57,77.74
19910.95,13,0.54,805554,0.54,0.57,37.26
14387.94,15,0.05,691864,0.05,0.36,97.96
10002.09,18,0.19,304934,0.19,0.81,82.04
817.66,17,0.74,832920,0.74,0.07,82.81
15746.15,20,0.72,544861,0.72,0.56,4.11
13421.46,19,0.01,385422,0.01,0.48,82.98
4894.01,11,0.05,167458,0.05,0.07,94.66
15023.21,12,0.44,626406,0.44,0.59,20.75
6952.34,7,0.93,54469,0.93,0.82,46.77
18716.53,21,0.25,732627,0.25,0.48,40.94
19169.59,3,0.88,765891,0.88,0.18,89.54
5725.08,6,0.54,294559,0.54,0.19,34.05
11676.74,4,0.23,661653,0.23,0.87,80.68
13437.02,19,0.99,145323,0.99,0.22,67.28
399.88,20,0.81,584890,0.81,0.99,75.64
3785.2,18,0.13,443873,0.13,0.36,74.58
14774.85,15,0.84,323894,0.84,0.36,55.82
1497.47,10,0.38,76582,0.38,0.61,59.13
15737.61,2,0.8,93648,0.8,0.3,48
1639.13,4,0.6,753905,0.6,0.25,57.55
8826,14,0.53,291592,0.53,1,66.61
3968.98,24,0.39,795610,0.39,0.85,33.15
8187.7,24,0.42,893612,0.42,0.19,79.58
8138.15,14,0.68,329354,0.68,0.82,27.01
16631.44,4,0.64,258368,0.64,0.6,67.42
15675.95,10,0.49,695375,0.49,0.01,13.74
1217.39,11,0.28,619693,0.28,0.95,48.07
14831.39,10,0.1,545645,0.1,0.04,67.44
1998.13,10,0.65,191704,0.65,0.98,91.33
298.38,15,0.79,873571,0.79,0.86,24.9
501.78,20,0.85,393714,0.85,0.99,23
5899.99,24,0.18,362479,0.18,0.73,96.26
12673.26,2,0.44,815431,0.44,0.86,44.99
14044.59,10,0.37,209591,0.37,0.88,46.34
2848.46,2,0.75,693232,0.75,0.67,19.09
2965.82,7,0.92,808941,0.92,0.47,62.43
12772.62,4,0.73,497033,0.73,0.49,61.36
12269.84,9,0.27,781668,0.27,0.58,95.56
11045.8,22,0.09,389027,0.09,0.23,24.16
18110.06,16,0.82,711473,0.82,0.55,33.71
8040.55,21,0.02,159660,0.02,0.71,95.52
7047.96,1,0.58,370701,0.58,0.95,87.71
11943.18,9,0.97,799813,0.97,0.71,50.29
12362.43,4,0.04,762331,0.04,0.16,57.43
15861.41,10,0.93,556889,0.93,0.84,64.34
18613.29,22,0.24,884303,0.24,0.06,68.99
13041.77,16,0.23,141185,0.23,0.86,21.25
19492.47,11,0.46,961572,0.46,0.95,30.96
5294.69,6,0.52,673142,0.52,0.28,5.23
4658.34,8,0.4,63450,0.4,0.14,89.54
2995.21,2,0.4,101459,0.4,0.03,60.27
19826.76,1,0.34,595352,0.34,0.02,38.54
8324.12,20,0.28,962048,0.28,0,82.97
12112.43,22,0.69,669352,0.69,0.46,25.7
4584.01,9,0.77,511541,0.77,0.21,48.75
8368.06,21,0.42,143343,0.42,0.09,92.41
19113.32,9,0.07,641966,0.07,0.98,37.4
9329.44,5,0.99,57753,0.99,0.31,81.32
2019.05,8,0.91,968444,0.91,0.85,86.97
357.71,1,0.72,688618,0.72,0.98,46.65
15727.12,22,0.13,673154,0.13,0.2,95.64
18731.31,8,0.02,100544,0.02,0.91,72.81
5661.61,24,0.55,953221,0.55,0.73,48.09
14654.17,21,0.97,811406,0.97,0.57,25.41
10337.18,7,0.3,505903,0.3,0.24,98.86
11068.3,2,0.45,145162,0.45,0.3,18.66
11437.42,16,0.77,923815,0.77,0.75,56.6
18368.89,13,0.14,903964,0.14,0.2,67.86
18272.61,6,0.43,117418,0.43,0.69,40.54
16738.65,18,0.11,923891,0.11,0.35,33.51
6207.43,9,0.47,834315,0.47,0.92,33.08
10410.29,14,0.76,231864,0.76,0.6,60.99
2501.73,10,0.92,296188,0.92,0.69,70.79
13312.08,3,0.63,826795,0.63,0.93,44.85
7969.38,16,0.2,320448,0.2,0.5,44.17
3499.64,17,0.62,209707,0.62,0.56,2.29
17871.15,16,0.82,157643,0.82,0.71,83.08
15068.61,11,0.76,564957,0.76,0.33,78.78
15744.03,3,0.79,800343,0.79,0.49,57.6
18506.16,6,0.47,314960,0.47,0.93,69.98
13100.57,4,0.88,440845,0.88,0.47,40.4
14715.13,22,0.41,586807,0.41,0.09,63.88
10378.43,3,0.97,566250,0.97,0.45,90.25
18684.04,20,0.07,306618,0.07,0.61,7.47
16101.99,21,0.11,151719,0.11,0.75,64.11
15941.74,4,0.45,504804,0.45,0.08,73.51
12953.83,5,0.4,987065,0.4,0.64,27.89
10555.22,8,0.37,806767,0.37,0.2,97.85
3635.41,8,0.17,977119,0.17,0.08,21.54
18889.37,18,0.65,956179,0.65,0.99,25.17
3298.89,18,0.68,145427,0.68,0.45,10.75
15907.75,4,0.53,391463,0.53,0.75,87.27
1432.46,11,0.24,486146,0.24,0.12,50.04
11506.1,14,0.07,15536,0.07,0.07,13.97
12100.01,15,0.2,296573,0.2,0.16,8.3
15922.12,3,0.56,449687,0.56,0.5,23.63
7197.5,6,0.46,263049,0.46,0.11,4.67
9696.16,2,0.89,411563,0.89,0.82,42.43
3785.66,11,0.08,987232,0.08,0.93,60.43
1407.62,11,0.04,449798,0.04,0.59,2.14
19918.21,22,0.14,455697,0.14,0.1,8.7
18724.98,18,0.09,435333,0.09,0.94,29.98
206.12,2,0.93,20997,0.93,0.07,67.5
14222.55,1,0.25,84015,0.25,0.58,97.67
8576.13,4,0.72,934154,0.72,0.22,81.67
4409.26,10,0.54,304795,0.54,0.01,85.76
6160.6,2,0.27,624042,0.27,0.71,55.76
14969.23,21,0.39,363986,0.39,0.22,97.13
2217.57,20,0.03,71597,0.03,0.5,65.16
2516.02,14,0.52,714018,0.52,0.66,44.07
18753.82,1,0.9,175214,0.9,0.22,91.05
19420.48,3,0.44,416702,0.44,0.37,88.44
7678.42,9,0.86,214020,0.86,0.52,33.72
8418.48,10,0.74,422660,0.74,0.94,79.16
15124.22,14,0.19,583077,0.19,0.32,92.44
15037.07,2,0.85,896006,0.85,0.11,22.68
1286.95,21,0.77,634100,0.77,0.73,68.58
1295.67,5,0.88,592252,0.88,0.48,74.1
19490.54,1,0.21,807831,0.21,0.67,3.7
17484.07,19,0.86,75205,0.86,0.25,0.41
5055.82,20,0.69,128375,0.69,0.56,59.66
3519.34,6,0.33,996296,0.33,0.03,31.34
3660.65,13,0.08,644296,0.08,0.29,27.34
10684.14,7,0.64,739357,0.64,0.69,8.51
5302.73,15,0.56,560121,0.56,0.01,82.42
15711.95,3,0.58,86284,0.58,0.8,21.62
9302.6,11,0.52,725213,0.52,0.87,89.75
16561.15,5,0.4,621577,0.4,0.41,8.2
9309.05,8,0.15,497825,0.15,0.92,45.65
19006.91,24,0.02,205380,0.02,0.85,73.5
18594.92,24,0.62,82979,0.62,0.22,92.93
18723.39,20,0.35,181983,0.35,0.62,52.23
1317.02,14,0.12,653843,0.12,0.77,96.35
7240.49,7,0.74,659775,0.74,0.81,15.85
6282.74,14,0.24,366877,0.24,1,36.98
13036.68,7,0.24,983916,0.24,0.08,90.99
18857.33,3,0.69,927342,0.69,0.49,92.3
11739.52,20,0.06,586106,0.06,0.85,81.28
13454.14,20,0.16,787990,0.16,0.51,54.74
15238.54,23,0.9,317617,0.9,0.91,45.55
16646.98,3,0.15,659056,0.15,0.86,96.98
9285.55,14,0.31,152517,0.31,0.97,14.57
19611.7,17,0.19,359387,0.19,0.24,99.32
19535.96,4,0.7,163024,0.7,0.56,60.48
14868.23,6,0.81,11665,0.81,0.06,44.29
14741.94,15,0.84,209791,0.84,0.6,33.45
15011.17,15,0.9,851025,0.9,0.54,5.76
2053.98,19,0.41,273951,0.41,0.24,70.89
13092.95,17,0.52,275916,0.52,0.04,18.4
19180.99,10,0.9,782888,0.9,0.25,45.68
11816.57,12,0.44,451588,0.44,0.5,95.47
1703,19,0.38,693001,0.38,0.4,5.66
13243.34,15,0.9,599080,0.9,0.53,56.86
12786.39,17,0.51,318016,0.51,0.94,23.63
8432.03,13,0.78,105896,0.78,0.73,96
14481.76,7,0.18,228452,0.18,0.5,74.48
16814.65,19,0.53,503104,0.53,0.96,39.84
2957.09,10,0.28,95045,0.28,0.23,24.7
15274.81,4,0.92,59138,0.92,0.91,25.84
12934.34,12,0.74,426068,0.74,0.75,56.34
8425.05,2,0.02,460101,0.02,0.55,36.56
377.19,12,0.15,57821,0.15,0.4,78.58
17325.84,19,0.49,28910,0.49,0.46,61.23
9652.1,22,0.67,518719,0.67,0.77,54.75
5379.29,21,0.03,949485,0.03,0.12,25.41
6113.58,23,0.08,138511,0.08,0.92,18.7
16940.42,17,0.56,114701,0.56,0.3,19.3
11386.9,14,0.35,60778,0.35,0.34,75.8
12348.08,9,0.58,683345,0.58,0.57,92.91
13264.91,22,0.4,880080,0.4,0.18,49.29
3338.61,9,0.95,106781,0.95,0.78,86.38
2027.82,6,0.78,915544,0.78,0.3,62.4
7404.27,11,0.62,107924,0.62,0.2,19.97
13615.32,11,0.55,356964,0.55,0.17,7.24
12109.31,13,0.53,633835,0.53,0.43,44.74
15120.48,15,0.47,812113,0.47,0.07,68.64
910.28,7,0.1,498820,0.1,0.68,79.6
8446.61,10,0.07,789070,0.07,0.75,96.33
7759.16,19,0.42,631123,0.42,0.63,61.76
14388.46,1,0.58,200605,0.58,0.38,95.57
12467.73,1,0.57,186210,0.57,0.95,14.31
10889.86,23,0,842415,0,0.73,26.48
14554.86,18,0.99,568174,0.99,0.17,18.42
13437.34,7,0.64,720675,0.64,0.68,72.78
3272.75,21,0.27,5115,0.27,0.13,63.87
14085.57,7,0.48,220870,0.48,0.19,40.72
8315.33,7,0.31,723640,0.31,0.04,41.14
17892.18,17,0.72,713802,0.72,0.45,18.84
7493.93,8,0.5,233947,0.5,0.31,78.27
7307.09,5,0.75,527701,0.75,0.42,46.13
6410.05,11,0.28,595329,0.28,0.6,23.27
5572.06,18,0.4,668129,0.4,0.93,77.63
18577.31,4,0.14,355665,0.14,0.26,15.13
13787.24,19,0.99,947179,0.99,0.64,80.3
6759.54,13,0.07,34731,0.07,0.62,69.95
464.77,12,0.9,982343,0.9,0.46,18.9
4989.43,18,0.19,422671,0.19,0.48,92.34
1653.81,2,0.69,137333,0.69,0.89,99.06
7103.46,12,0.36,186841,0.36,0.93,39.19
16122.08,1,0.35,968047,0.35,0.49,29.22
948.4,2,0.79,276376,0.79,0.84,2.31
9400.36,11,0.58,465485,0.58,0.34,22.64
11269,7,0.55,952031,0.55,0.52,74.09
19387.12,15,0.5,904397,0.5,0.14,12.98
14660.5,22,0.3,237609,0.3,0.62,26.47
14106.16,22,0.34,996460,0.34,0.46,13.65
18356.06,14,0.99,712909,0.99,0.29,74.69
16655.92,13,0.97,618958,0.97,0.86,79.23
3855.94,7,0.88,670895,0.88,0.16,61.52
6082.17,4,0.29,871648,0.29,0.98,4.32
16837.36,10,0.67,14929,0.67,0.49,46.11
3349.22,7,0.63,506616,0.63,0.98,54.07
19706.49,18,0.93,238648,0.93,0.42,6.46
14330.06,5,0.53,476168,0.53,0.46,48.69
17273.62,24,0.39,665570,0.39,0.94,53.38
17793.63,7,0.76,55859,0.76,0.63,33.34
8208.18,4,0.51,317005,0.51,0.16,85.46
160.61,11,0.8,37139,0.8,0.42,72.72
7657.44,14,0.52,438784,0.52,0.61,42.55
14440.84,2,0.62,267357,0.62,0.95,49.4
10175.35,22,0.7,386324,0.7,0.13,59.48
19501.88,2,0.23,652938,0.23,0.14,56.07
11181.33,16,0.76,258525,0.76,0.01,57.51
12729.1,19,0.33,329414,0.33,0.34,31.79
15828.75,2,0.87,606447,0.87,0.75,43.88
4626.74,18,0.14,986841,0.14,0.95,24.45
14599.74,2,0.97,424311,0.97,0.85,42.54
12263.02,11,0.02,468480,0.02,0.57,35.75
2109.21,20,0.6,579782,0.6,0.9,69.18
174.29,5,0.45,61820,0.45,0.09,95.43
13321.06,12,0.31,16007,0.31,0.03,60.75
13378.75,23,0.8,113401,0.8,0.53,52.88
15439.31,22,0.14,489840,0.14,0.58,95.43
15647.67,14,0.87,952060,0.87,0.75,75.86
1336.28,2,0.38,679143,0.38,0.95,29.14
6822.59,16,0.33,243332,0.33,0.98,72.35
12912.32,5,0.19,321328,0.19,0.09,77.74
12271.96,18,0.99,749092,0.99,0.46,67.39
8019.77,4,0.78,163998,0.78,0.17,35.44
7500.24,22,0.4,343554,0.4,0.23,49.35
12974.14,14,0.51,793668,0.51,0.79,9.91
17328.53,2,0.54,158713,0.54,0.77,24.41
7031.64,1,0.08,516132,0.08,0.8,93.51
2224.19,5,0.82,556837,0.82,0.66,62.91
6810.57,17,0.65,353371,0.65,0.67,94.48
12322.07,16,0.71,559350,0.71,0.48,39.64
8020.23,11,0.83,80748,0.83,0.16,0.68
16314.96,3,0.97,852552,0.97,0.09,60.5
4856.25,5,0.24,924894,0.24,0.58,13.57
6622.02,23,0.48,368276,0.48,0.87,21.59
6638.7,9,0.04,300799,0.04,0.26,52.27
4037.37,16,0.67,912807,0.67,0.88,3.35
10425.05,14,0.26,778914,0.26,0.63,86.04
10899.37,24,0.26,118170,0.26,0.61,13.79
1312.94,13,0.33,228500,0.33,0.15,81.77
19905.45,8,0.28,288615,0.28,0.68,16.79
9027.1,2,0.75,205593,0.75,0.24,34.89
17862.85,14,0.74,385608,0.74,0.98,95.29
5282.12,22,0.52,621093,0.52,0.03,80.7
9091.3,4,0.37,405313,0.37,0.48,93.42
1051.45,1,0.79,72899,0.79,0.19,26.55
991.63,3,0.8,263599,0.8,0.24,5.51
11559.36,16,0.47,795814,0.47,0.94,58.09
214.59,9,0.09,687020,0.09,0.71,46.44
14381.91,18,0.41,293541,0.41,0.59,81.05
3101.38,23,0.87,896053,0.87,0.53,14.4
16921.39,7,0.69,770070,0.69,0.89,12.25
8976.49,22,0.87,990866,0.87,0.52,24.78
7577.64,1,0.55,26715,0.55,0.41,1
17025.26,10,0.46,884224,0.46,0.11,63.67
8676.22,14,0.84,893157,0.84,0.34,69.86
5416.94,10,0.54,169134,0.54,0.99,6.14
649.58,23,0.1,191967,0.1,0.84,83.98
3461.19,21,0.1,530835,0.1,0.73,1.92
15417.79,14,0.23,632504,0.23,0.01,98.27
1920.63,17,0.5,222506,0.5,0.3,29.66
15339.96,15,0.92,636583,0.92,0.79,72.72
899.69,19,0.7,761739,0.7,0.92,46.59
10536.97,5,0.19,977478,0.19,0.37,65.63
1141.33,17,0.14,710647,0.14,0.71,8.6
2535.5,19,0.51,458125,0.51,0.2,19.38
17915.69,16,0.27,367036,0.27,0.28,2.6
2683.22,2,0.71,436405,0.71,0.46,71.36
4681.81,4,0.36,747630,0.36,0.39,81.71
12734.8,1,0.99,801355,0.99,0.89,43.7
14641.98,6,0.06,585524,0.06,0.12,84.45
16451.35,4,0.26,854234,0.26,0.35,19.7
928.81,15,0.63,890596,0.63,0.55,22.06
4578.91,23,0.95,873386,0.95,0,56.39
15556.53,13,0.6,739651,0.6,0.35,78.67
9567.19,4,0.94,73485,0.94,0.22,8.61
5373.64,21,0.17,654550,0.17,0.86,79.13
4343.48,12,0.86,909426,0.86,0.29,49.31
1473.35,22,0.51,278652,0.51,0.09,83.81
13662.03,7,0.68,126977,0.68,0.66,52.42
11122.72,20,0.57,873182,0.57,0.87,73.83
4338.91,17,0.54,362174,0.54,0.59,34.47
11616.17,8,0.79,211241,0.79,0.34,61.86
19622.37,6,0.3,349974,0.3,0.69,78.44
3772.96,6,0.81,393412,0.81,0.61,19.03
9051.67,2,0.34,856515,0.34,0.2,3.32
18100,11,0.3,755769,0.3,0.56,11.35
14396.68,19,0.82,245075,0.82,0.18,2.04
13078.44,4,0.21,969476,0.21,0.13,46.3
13505.63,12,0.5,919705,0.5,0.15,66.85
17756.97,9,0.11,458888,0.11,0.79,90.41
10930.99,14,0.47,182248,0.47,0.76,42.8
11404.92,23,0.93,761510,0.93,0.64,41.97
3259.71,12,0.8,265473,0.8,0.42,15.53
1495.04,10,0.96,234763,0.96,0.49,36.7
3592.03,13,0.87,658889,0.87,0.74,43.83
10650.39,18,0.72,546419,0.72,0.21,65.12
16451.77,12,0.23,657356,0.23,0.56,86.81
18531.13,13,0.64,270650,0.64,0.78,61.38
3875.6,20,0.87,400029,0.87,0.71,3.81
4819.61,19,0.51,312773,0.51,0.9,18.54
15432.88,12,0.58,801401,0.58,0.24,89.95
3122.71,7,0.15,821191,0.15,0.42,45.17
17073.85,10,0.92,381964,0.92,0.22,53.16
18979.56,23,0.43,23556,0.43,0.94,60.69
14151.81,20,0.22,202661,0.22,0.11,90.97
9246.75,14,0.88,483243,0.88,0.42,69.66
11105.99,22,0,78341,0,0.38,83.84
1776.67,2,0.23,947571,0.23,0.76,42.86
19669.55,7,0.21,436760,0.21,0.34,22.43
6319.47,16,0.42,718383,0.42,0.03,90.01
1786.15,19,0.68,460497,0.68,0.77,73.44
7422.82,7,0.1,976761,0.1,0.47,14.62
5183.07,15,0.51,873845,0.51,0.15,5.95
18974.3,16,0.08,861162,0.08,0.24,49.8
8079.14,22,0.57,621396,0.57,0.84,17.67
8636.45,10,0.73,144815,0.73,0.1,8.26
7576.45,8,0.76,572883,0.76,0.97,12.13
4260.34,20,0.6,278212,0.6,0.62,83.67
8118,17,0.58,446088,0.58,0.21,8.66
17548.48,16,0.41,455011,0.41,0.53,27.79
16892.71,16,0.7,926245,0.7,0.01,24.27
7874.08,24,0.11,383971,0.11,0.23,50.98
18481.81,12,0.48,75660,0.48,0.56,11.87
4517.33,20,0.85,779061,0.85,0.43,7.11
11271.05,2,0.76,305739,0.76,0.86,67.92
8803.34,18,0.19,120414,0.19,0.15,87.12
5825.85,11,0.99,198240,0.99,0.37,18.15
2504.51,18,0.44,926693,0.44,0.48,78.47
12487.42,8,0.72,662107,0.72,0.26,72.63
12749.3,18,0.91,776120,0.91,0.05,37.49
15775.63,7,0.43,545234,0.43,0.99,9.09
3969.44,20,0.92,374175,0.92,0.13,63.62
4171.54,11,0.84,518536,0.84,0.46,15.02
8458.37,7,0.29,989278,0.29,0.27,48.05
18788.03,3,0.88,164506,0.88,0.24,42.25
19778.06,1,1,376189,1,0.87,98.25
5356.51,23,0.18,599634,0.18,0.54,94.96
7121.22,18,0.67,708101,0.67,0.84,35.75
9845.94,12,0,612411,0,0.53,82.01
15430.55,20,0.92,133648,0.92,0.11,58.83
2678.82,9,0.46,223633,0.46,0.87,12.52
7216.7,11,0.12,505490,0.12,0.25,32.73
12812.22,19,0.75,2187,0.75,0.91,66.35
10930.79,13,0.62,842450,0.62,0.07,87.86
687.39,23,0.63,29057,0.63,0.82,29.67
6799.55,7,0.8,221670,0.8,0.18,85.86
2459.28,1,0.18,223155,0.18,0.68,37.01
16711.28,19,0.85,730056,0.85,0.94,9.45
15317.95,23,0.52,450690,0.52,0.49,44.91
9014.11,3,0.6,676863,0.6,0.41,32.33
4700.85,18,0.71,101653,0.71,0.62,74.53
6930.13,6,0.7,354679,0.7,0.34,33.44
11831.22,10,0.04,565471,0.04,0.38,49.39
16783.05,24,0.06,712955,0.06,0.89,47.02
16862.62,8,0.3,692571,0.3,0.08,26.66
3250.42,13,0.32,339050,0.32,0.3,60
4515.96,8,0.07,227326,0.07,0.54,59.85
18336.64,3,0.28,656029,0.28,0.28,24.46
10403.54,3,0.9,362348,0.9,0.69,35.96
13652.96,23,0.02,309269,0.02,0.47,80.81
6700.06,6,0.85,304856,0.85,0.68,44.3
4137.14,17,0.85,3975,0.85,0.63,95.68
12386.75,13,0.28,231378,0.28,0.31,61.41
8664.22,4,0.23,978985,0.23,0.77,74.71
9600.7,9,0.53,942051,0.53,0.3,68.18
15701.99,4,0.25,505080,0.25,0.15,11
19728.12,20,0.26,17541,0.26,0.03,49.48
5404.28,10,0.23,41675,0.23,0.5,75.35
134.76,21,0.3,284544,0.3,0.03,22.19
18846.2,23,0.93,474293,0.93,0.44,56.06
19753.91,15,0.48,88795,0.48,0.15,83.07
11443.87,15,0.48,860779,0.48,0.73,9.74
13704.54,6,0.21,976807,0.21,0.53,54.7
13982.1,3,0.83,570170,0.83,0.58,61.91
10071.42,3,0.38,675347,0.38,0.07,55.69
15538.09,8,0.31,70310,0.31,0.69,40.51
19130.87,13,0.35,6254,0.35,0.42,0.71
14409.57,21,0.4,387483,0.4,0.88,90.1
13369.5,24,0.91,106649,0.91,0.54,87.31
10224.66,5,0.31,822413,0.31,0.46,88.22
3365.9,7,0.51,292150,0.51,0.29,56.72
3544.8,23,0.13,116335,0.13,0.01,80.54
2747,15,0.67,547881,0.67,0.43,0.73
12778.83,10,0.62,857686,0.62,0.09,20.98
10100.55,17,0.71,971733,0.71,0.73,4.78
14718.93,9,0.17,399865,0.17,0.95,71.7
11505.28,19,0.03,912055,0.03,0.95,46.22
347.2,12,0.83,672646,0.83,0.83,60.04
14117.41,6,0.06,67232,0.06,0.9,47.81
6563.13,11,0.89,710244,0.89,0.71,6.81
16831.68,11,0.38,135376,0.38,0.74,43.13
13407.56,11,0.53,876398,0.53,0.98,90.79
4123.56,1,0.91,303459,0.91,0.51,43.76
17120.23,13,0.84,68271,0.84,0.04,72.1
296.63,20,0.04,34956,0.04,0.16,58
10217.17,1,0.91,874079,0.91,0.82,63.02
14364.06,12,0.41,611202,0.41,0.91,60.88
16051.89,17,0.43,373855,0.43,0.68,91.66
14221.4,18,0.09,945536,0.09,0.14,4.49
8887.38,9,0.26,936459,0.26,0.21,69.25
6095.65,8,0.77,347907,0.77,0.63,57.9
4405.69,10,0.8,927128,0.8,0.83,12.94
17950.98,15,0.6,181377,0.6,0.16,92.24
9442.38,13,0.82,325719,0.82,0.51,28.97
19443.34,19,0.14,547945,0.14,0.92,42.2
6223.34,10,0.1,514709,0.1,0.88,55.63
6680.07,20,0.88,117809,0.88,0.14,50.58
1306.69,19,0.48,54741,0.48,0.61,36.16
1188.32,24,0.41,832439,0.41,0.52,45.33
12985.23,21,0.29,829924,0.29,0.05,33.99
6613.3,3,0.17,435450,0.17,0.12,70.63
15438.13,5,0.91,584562,0.91,0.36,60.66
14917.88,8,0.21,872543,0.21,0.53,67
19623.74,18,0.63,389951,0.63,0.65,47.01
19499.78,10,0.87,783164,0.87,0.17,0.72
16817.94,12,1,626012,1,0.67,36.05
4426.32,13,0.82,217430,0.82,0.21,47.27
5916.59,1,0.39,861660,0.39,0.42,5.12
906.78,19,0.69,181780,0.69,0.45,92.06
11139.8,13,0.36,465842,0.36,0.81,76.22
16381.33,4,0.37,639597,0.37,0.88,62.09
5490.65,15,0.31,537456,0.31,0.9,15.23
427.12,17,0.28,68813,0.28,0.99,67.84
1056.25,1,0.93,953506,0.93,0.2,6.4
10259.45,12,0.63,902474,0.63,0.22,31.14
5622.84,6,0.43,217170,0.43,0.86,95.74
14222.64,22,0.65,889629,0.65,0.07,83.3
12742.32,22,0.33,78033,0.33,0.96,81.8
1943.95,20,0.49,403355,0.49,0.03,58
18728.85,22,0.61,588154,0.61,0.48,91.92
3702.79,18,0.55,885252,0.55,0.48,8.25
4177.1,8,0.61,977120,0.61,0.92,30.94
17661.82,14,0.94,585316,0.94,0.45,79.65
11094.85,9,0.1,988319,0.1,0.1,71.26
15590.89,20,0.67,548616,0.67,0.87,54.76
2085.61,17,0.28,404755,0.28,1,5.19
16450.4,17,0.31,40389,0.31,0.26,27.77
8670.53,21,0.87,771814,0.87,0.37,38.21
10830.74,5,0.17,746446,0.17,0.81,62.07
17733.62,8,0.63,401801,0.63,0.65,19.27
7801.65,23,0.63,261783,0.63,0.38,69.99
12058.47,13,0.12,300767,0.12,0.08,52.15
2461.42,1,0.29,477350,0.29,0.79,73.69
17897.5,21,0.62,594071,0.62,0.43,78.02
9137.93,21,0.58,502359,0.58,0.21,50.29
1812.3,5,0,537105,0,0.17,25.53
7330.09,19,0.95,872956,0.95,0.29,47.49
12992.77,14,0.13,189085,0.13,0.26,82.56
13757.92,13,0.6,325952,0.6,0.16,94.04
9447.38,20,0.37,427699,0.37,0.3,76.68
16442.97,15,0.88,471336,0.88,0.1,77.97
6057.15,11,0.04,477178,0.04,0.62,23.35
9613.22,5,0.1,946352,0.1,0.48,4.09
11984.78,1,0.65,514134,0.65,0.46,1.77
1772.87,17,0.14,636648,0.14,0.64,56.15
11053.84,13,0.05,332875,0.05,0.49,31.6
19480.71,3,0.42,895759,0.42,0.36,59.17
19491.62,12,0.14,616979,0.14,0.92,49.84
16685.03,3,0.38,958909,0.38,0.48,12.93
9758.45,1,0.71,756164,0.71,0.28,70.56
6306.02,3,0.42,280421,0.42,0.72,70.08
11469.15,13,0.84,114682,0.84,0.56,55.94
6337.51,11,0.82,953267,0.82,0.72,94.27
13895.59,21,0.6,460804,0.6,0.28,72.07
2931.57,19,0.62,495008,0.62,0.6,20.36
10699.23,17,0.79,558983,0.79,0.35,81.1
1299.02,17,0.56,403400,0.56,0.07,88.96
15560.26,18,0.23,398107,0.23,0.63,64.15
6241.88,9,0.71,1638,0.71,0.43,93.77
13491.86,19,0.12,190277,0.12,0.75,91.84
2111.49,22,0.54,853483,0.54,0.93,82.01
15589.68,14,0.16,807436,0.16,0.99,73.22
14610.31,2,0.25,637546,0.25,0.81,33.3
15403.71,10,0.39,254703,0.39,0.11,41.17
18616.8,1,0.84,498009,0.84,0.16,50.38
19644.14,14,0.32,50725,0.32,0.86,68.95
1765.68,5,0.36,480945,0.36,0.9,17.62
16081.9,11,0.38,945189,0.38,0.19,37.91
1247.32,8,0.82,121352,0.82,0.16,25.99
4075.47,20,0.81,157334,0.81,0.96,69.24
4983.57,3,0.63,66761,0.63,0.36,58.97